instance_id,instance_width,split,graph,seed,blocks,max_block_size,stored_entries,cosine_exact_natural,cosine_target,relative_error
ct_w3_i1,3,calibration,chain,0,16,3,91,0.9480100799489463,-0.8298313062360995,0.3192846503309307
ct_w3_i1,3,calibration,chain,19,16,3,91,0.9520657514442828,-0.8502897663530763,0.3097427281668175
ct_w3_i1,3,calibration,chain,42,16,3,91,0.9378485561935556,-0.8425078043538656,0.3529760703815368
ct_w3_i1,3,calibration,chain,50,16,3,91,0.9401713040387646,-0.8204588033666049,0.3408659125019182
ct_w3_i1,3,calibration,chain,101,16,3,91,0.9509457335221781,-0.8576039551857148,0.329571868344469
ct_w3_i1,3,calibration,problem_tree,0,16,3,91,0.4817668589527178,0.16844677317556522,0.9205315043875133
ct_w3_i1,3,calibration,problem_tree,19,16,3,91,0.5588695982502905,0.3065520551314706,0.830281439624109
ct_w3_i1,3,calibration,problem_tree,42,16,3,91,0.5378610863213731,0.41486990427422105,0.8500904428704353
ct_w3_i1,3,calibration,problem_tree,50,16,3,91,0.5429475078913989,0.3099449068235184,0.8478159677221999
ct_w3_i1,3,calibration,problem_tree,101,16,3,91,0.5670815992771391,0.4246912277524658,0.8242414660233479
ct_w3_i1,3,calibration,width2,0,16,6,301,0.7244037561310841,0.6819068129818404,0.7904998024418551
ct_w3_i1,3,calibration,width2,19,16,6,301,0.7569774795352249,0.7259734331577979,0.7611862747829375
ct_w3_i1,3,calibration,width2,42,16,6,301,0.7716767995272238,0.7537843826233904,0.7644668716977268
ct_w3_i1,3,calibration,width2,50,16,6,301,0.6868075550154146,0.632861983296805,0.813555644095235
ct_w3_i1,3,calibration,width2,101,16,6,301,0.7462252900568146,0.7062818498973854,0.7872611165269525
ct_w3_i1,3,calibration,width3,0,16,10,452,0.709764350707682,0.7097643507077154,0.8172121398455374
ct_w3_i1,3,calibration,width3,19,16,10,452,0.7416542973796306,0.7416542973797715,0.784130055289176
ct_w3_i1,3,calibration,width3,42,16,10,452,0.7575237139930322,0.7575237139929857,0.7866597561236158
ct_w3_i1,3,calibration,width3,50,16,10,452,0.6902652897042072,0.6902652897038953,0.8287937127734654
ct_w3_i1,3,calibration,width3,101,16,10,452,0.7019650891950464,0.7019650891950843,0.8254294662832307
ct_w3_i2,3,evaluation,chain,0,16,3,91,0.8988526412493437,-0.5893797276031281,0.45061866728353395
ct_w3_i2,3,evaluation,chain,19,16,3,91,0.8490170239724648,-0.678475100118776,0.5832756722107844
ct_w3_i2,3,evaluation,chain,42,16,3,91,0.8262893496008186,-0.655893103849273,0.5987393465897686
ct_w3_i2,3,evaluation,chain,50,16,3,91,0.8250695855812509,-0.4631346196530255,0.5738874312349178
ct_w3_i2,3,evaluation,chain,101,16,3,91,0.9121218975099256,-0.6202383903577668,0.44526061861292365
ct_w3_i2,3,evaluation,problem_tree,0,16,3,91,0.6635417958564194,0.41317387014488727,0.7594032115417223
ct_w3_i2,3,evaluation,problem_tree,19,16,3,91,0.6210021465098527,0.30116628276697166,0.7850614969723488
ct_w3_i2,3,evaluation,problem_tree,42,16,3,91,0.5943960896351984,0.4266657795494234,0.8086746314510813
ct_w3_i2,3,evaluation,problem_tree,50,16,3,91,0.6747828770620806,0.4420675028574725,0.7454782376153778
ct_w3_i2,3,evaluation,problem_tree,101,16,3,91,0.7204454223301586,0.4607514374013933,0.6935741254067548
ct_w3_i2,3,evaluation,width2,0,16,6,275,0.8209422814624027,0.7279419910751039,0.6911911724179585
ct_w3_i2,3,evaluation,width2,19,16,6,275,0.7497526828425102,0.6567087667455942,0.7385591217380459
ct_w3_i2,3,evaluation,width2,42,16,6,275,0.8091832180081396,0.7554111591651564,0.721891091976783
ct_w3_i2,3,evaluation,width2,50,16,6,275,0.7744936323517891,0.6809276810674866,0.7103120031934539
ct_w3_i2,3,evaluation,width2,101,16,6,275,0.7805550134798913,0.6927552540632873,0.7124306605216861
ct_w3_i2,3,evaluation,width3,0,16,10,431,0.7454356627833744,0.7454356627833804,0.7736635277702606
ct_w3_i2,3,evaluation,width3,19,16,10,431,0.7856366683532447,0.7856366683531799,0.7564096084448383
ct_w3_i2,3,evaluation,width3,42,16,10,431,0.8210252898897652,0.821025289889764,0.734277360003269
ct_w3_i2,3,evaluation,width3,50,16,10,431,0.7419187543977728,0.7419187543975692,0.7685895164100102
ct_w3_i2,3,evaluation,width3,101,16,10,431,0.7268502042005549,0.7268502042005996,0.7696636896793123
ct_w3_i3,3,evaluation,chain,0,16,3,91,0.9573372654638508,-0.771367594005351,0.29155471583091336
ct_w3_i3,3,evaluation,chain,19,16,3,91,0.9469171299245738,-0.8509756898217228,0.32206176124924385
ct_w3_i3,3,evaluation,chain,42,16,3,91,0.9419307418860979,-0.8542061160183482,0.3364567010436767
ct_w3_i3,3,evaluation,chain,50,16,3,91,0.9282108170986425,-0.7844146631001611,0.3724552237732668
ct_w3_i3,3,evaluation,chain,101,16,3,91,0.9466537082492644,-0.8614838610162066,0.3358323604615448
ct_w3_i3,3,evaluation,problem_tree,0,16,3,91,0.5782804708382653,0.4580609635165846,0.8255436900669434
ct_w3_i3,3,evaluation,problem_tree,19,16,3,91,0.6429238972327279,0.5708927322365783,0.7750471756125514
ct_w3_i3,3,evaluation,problem_tree,42,16,3,91,0.6262727538150887,0.45654961956063833,0.7799620327991738
ct_w3_i3,3,evaluation,problem_tree,50,16,3,91,0.5721519478715986,0.3492221018878515,0.8201697563536529
ct_w3_i3,3,evaluation,problem_tree,101,16,3,91,0.6792809122125475,0.5732713488802305,0.7512997536721157
ct_w3_i3,3,evaluation,width2,0,16,6,259,0.7536748405110544,0.6658705954050324,0.7471253183900787
ct_w3_i3,3,evaluation,width2,19,16,6,259,0.8215222641506225,0.7994261541870915,0.7376141357054679
ct_w3_i3,3,evaluation,width2,42,16,6,259,0.731893112865694,0.6786112267783652,0.7689869533251198
ct_w3_i3,3,evaluation,width2,50,16,6,259,0.6656858229808751,0.6243566237322806,0.7972664376604008
ct_w3_i3,3,evaluation,width2,101,16,6,259,0.7409806891737359,0.706204321779588,0.772749657635927
ct_w3_i3,3,evaluation,width3,0,16,10,425,0.7627259961989782,0.762725996198971,0.762913819088557
ct_w3_i3,3,evaluation,width3,19,16,10,425,0.7768853473713561,0.7768853473712694,0.760631406225001
ct_w3_i3,3,evaluation,width3,42,16,10,425,0.7645663563728525,0.76456635637284,0.7725288527764621
ct_w3_i3,3,evaluation,width3,50,16,10,425,0.7366533240923017,0.736653324092349,0.7879956672008697
ct_w3_i3,3,evaluation,width3,101,16,10,425,0.7316323405826876,0.7316323405827743,0.7861800485893259
ct_w3_i4,3,evaluation,chain,0,16,3,91,0.948315381809785,-0.8323248901262342,0.33248260346188113
ct_w3_i4,3,evaluation,chain,19,16,3,91,0.9697229580155675,-0.8504091003445508,0.25258649228507674
ct_w3_i4,3,evaluation,chain,42,16,3,91,0.9446574677153325,-0.8762118712830888,0.3443088020242964
ct_w3_i4,3,evaluation,chain,50,16,3,91,0.9299366725807673,-0.7697002882196263,0.37079556580460493
ct_w3_i4,3,evaluation,chain,101,16,3,91,0.955894695054438,-0.8336141033222473,0.30832093280381656
ct_w3_i4,3,evaluation,problem_tree,0,16,3,91,0.6797014891203782,0.4105803955655497,0.734527967148264
ct_w3_i4,3,evaluation,problem_tree,19,16,3,91,0.5072344015803636,0.28602976451382084,0.8712115302097748
ct_w3_i4,3,evaluation,problem_tree,42,16,3,91,0.4775616745270327,0.2823499399151119,0.8900529659927346
ct_w3_i4,3,evaluation,problem_tree,50,16,3,91,0.5632089043431109,0.3607277996337299,0.8270185111810565
ct_w3_i4,3,evaluation,problem_tree,101,16,3,91,0.6617705979614029,0.4962826700872062,0.7540027427298887
ct_w3_i4,3,evaluation,width2,0,16,6,274,0.6895332336145982,0.6618940515065319,0.7824072565734639
ct_w3_i4,3,evaluation,width2,19,16,6,274,0.6972458224747298,0.669844419283785,0.7792722703455822
ct_w3_i4,3,evaluation,width2,42,16,6,274,0.7230814244542709,0.6703631440068473,0.7497673173397181
ct_w3_i4,3,evaluation,width2,50,16,6,274,0.6793809863354252,0.6458357681928352,0.7809598522317189
ct_w3_i4,3,evaluation,width2,101,16,6,274,0.7373099078647808,0.7020036035077726,0.7498566364047485
ct_w3_i4,3,evaluation,width3,0,16,10,381,0.6889229004769064,0.6889229004768608,0.8075019935544352
ct_w3_i4,3,evaluation,width3,19,16,10,381,0.6895052163594617,0.6895052163596207,0.7873051499820624
ct_w3_i4,3,evaluation,width3,42,16,10,381,0.7070493432038825,0.7070493432037664,0.7848629703799885
ct_w3_i4,3,evaluation,width3,50,16,10,381,0.7207589739920849,0.7207589739920544,0.7941657794022611
ct_w3_i4,3,evaluation,width3,101,16,10,381,0.7787401252418602,0.7787401252418948,0.7735851832507876
ct_w3_i5,3,evaluation,chain,0,16,3,91,0.9653699889215382,-0.8055177696908011,0.2610300646897649
ct_w3_i5,3,evaluation,chain,19,16,3,91,0.9692183725356497,-0.8091895392224706,0.24921015156248513
ct_w3_i5,3,evaluation,chain,42,16,3,91,0.9487553435092464,-0.816534653672286,0.32846505787192115
ct_w3_i5,3,evaluation,chain,50,16,3,91,0.9309475168903865,-0.7989357494695637,0.36584588661409634
ct_w3_i5,3,evaluation,chain,101,16,3,91,0.9576415899995199,-0.7987162646896121,0.28829534939935375
ct_w3_i5,3,evaluation,problem_tree,0,16,3,91,0.5701870497748119,0.43097795766276253,0.8552890095313779
ct_w3_i5,3,evaluation,problem_tree,19,16,3,91,0.644720683532778,0.4624104230796398,0.7650517071634948
ct_w3_i5,3,evaluation,problem_tree,42,16,3,91,0.5045489866487666,0.314629329730417,0.9036100998886363
ct_w3_i5,3,evaluation,problem_tree,50,16,3,91,0.5295025024617593,0.29175326854461875,0.8902424807924001
ct_w3_i5,3,evaluation,problem_tree,101,16,3,91,0.7095604176666146,0.4837053135303747,0.7061259257633757
ct_w3_i5,3,evaluation,width2,0,16,6,244,0.7350087788484098,0.6635770369713321,0.719567673655615
ct_w3_i5,3,evaluation,width2,19,16,6,244,0.678488966110899,0.6459944571118402,0.7746617820347728
ct_w3_i5,3,evaluation,width2,42,16,6,244,0.7396179231030674,0.7157870061319974,0.7464390071736676
ct_w3_i5,3,evaluation,width2,50,16,6,244,0.6969278786326893,0.635612073049426,0.7661518597991753
ct_w3_i5,3,evaluation,width2,101,16,6,244,0.7216334910255118,0.6751398309739063,0.7480201539007759
ct_w3_i5,3,evaluation,width3,0,16,10,411,0.7315305017407476,0.7315305017406956,0.78009139634397
ct_w3_i5,3,evaluation,width3,19,16,10,411,0.7272947854383963,0.7272947854385379,0.7859485991660339
ct_w3_i5,3,evaluation,width3,42,16,10,411,0.7200249303621085,0.7200249303622714,0.7873174939628143
ct_w3_i5,3,evaluation,width3,50,16,10,411,0.7593425454404426,0.7593425454399699,0.7724071612168637
ct_w3_i5,3,evaluation,width3,101,16,10,411,0.7537468497138037,0.7537468497125623,0.7686719415093222
ct_w4_i1,4,calibration,chain,0,16,3,91,0.9724399678824036,-0.8926507347457607,0.26469169550919786
ct_w4_i1,4,calibration,chain,19,16,3,91,0.9679414663666045,-0.894448131804613,0.2904005185979659
ct_w4_i1,4,calibration,chain,42,16,3,91,0.9673547753645596,-0.8959570603668809,0.3001834117406226
ct_w4_i1,4,calibration,chain,50,16,3,91,0.9574528978062591,-0.7233300921526843,0.28928277475708064
ct_w4_i1,4,calibration,chain,101,16,3,91,0.9670287070603886,-0.8943012140375062,0.2934704532646808
ct_w4_i1,4,calibration,problem_tree,0,16,3,91,0.7318237544560035,0.39552928158856515,0.6822694779326554
ct_w4_i1,4,calibration,problem_tree,19,16,3,91,0.7181714208609551,0.31982579544097933,0.697377765844265
ct_w4_i1,4,calibration,problem_tree,42,16,3,91,0.6769658723646546,0.408565858157442,0.736028708736695
ct_w4_i1,4,calibration,problem_tree,50,16,3,91,0.6241785120109239,0.398655113733889,0.7815886876944331
ct_w4_i1,4,calibration,problem_tree,101,16,3,91,0.7131826353989812,0.5117816350005795,0.7087399259763367
ct_w4_i1,4,calibration,width2,0,16,6,274,0.7612306453322785,0.722809338161392,0.717376697356171
ct_w4_i1,4,calibration,width2,19,16,6,274,0.722735008910954,0.6541897415492683,0.7494253144157597
ct_w4_i1,4,calibration,width2,42,16,6,274,0.7550705367823596,0.6982275679460707,0.7435048543152275
ct_w4_i1,4,calibration,width2,50,16,6,274,0.7390015047359585,0.7230419661774946,0.7633484126979765
ct_w4_i1,4,calibration,width2,101,16,6,274,0.77205859568551,0.7637552732141443,0.7395061286408879
ct_w4_i1,4,calibration,width3,0,16,9,409,0.7810864469581996,0.7873054122449759,0.7681018392002693
ct_w4_i1,4,calibration,width3,19,16,9,409,0.8205265955459989,0.8199697403305671,0.7455689331085096
ct_w4_i1,4,calibration,width3,42,16,9,409,0.7952410393623962,0.7887162635341685,0.7480203060732751
ct_w4_i1,4,calibration,width3,50,16,9,409,0.7581686385911584,0.7514839580973259,0.77711654884955
ct_w4_i1,4,calibration,width3,101,16,9,409,0.7527671506407437,0.7524105718346848,0.7585580020038346
ct_w4_i2,4,evaluation,chain,0,16,3,91,0.928123607200825,-0.7372127042489832,0.39427468297560336
ct_w4_i2,4,evaluation,chain,19,16,3,91,0.9310581586915482,-0.7619427699620017,0.39917164469894456
ct_w4_i2,4,evaluation,chain,42,16,3,91,0.9590262432484405,-0.7479187317702676,0.3043065786050501
ct_w4_i2,4,evaluation,chain,50,16,3,91,0.9296650141864489,-0.6481210178275136,0.3891969791325786
ct_w4_i2,4,evaluation,chain,101,16,3,91,0.9421764101880795,-0.7581657661127541,0.3649281192502667
ct_w4_i2,4,evaluation,problem_tree,0,16,3,91,0.5581874872386215,0.3769847143335545,0.9065335617009588
ct_w4_i2,4,evaluation,problem_tree,19,16,3,91,0.5578737096714885,0.4219916799592927,0.8767640832046899
ct_w4_i2,4,evaluation,problem_tree,42,16,3,91,0.5461390868723083,0.22727141355830976,0.9030333899405975
ct_w4_i2,4,evaluation,problem_tree,50,16,3,91,0.41418731985963014,0.2784547450809853,0.9895191905196704
ct_w4_i2,4,evaluation,problem_tree,101,16,3,91,0.6355606233977084,0.42403329477901114,0.8186484482706755
ct_w4_i2,4,evaluation,width2,0,16,6,286,0.6983393757901738,0.6830892228872787,0.7595782001643264
ct_w4_i2,4,evaluation,width2,19,16,6,286,0.6799876038756596,0.6599503500916905,0.775216548389496
ct_w4_i2,4,evaluation,width2,42,16,6,286,0.7396022662017846,0.6873790496098379,0.7543583307298051
ct_w4_i2,4,evaluation,width2,50,16,6,286,0.6716991878120244,0.6275576632393219,0.8073832666584698
ct_w4_i2,4,evaluation,width2,101,16,6,286,0.7005946784947568,0.6675736946333726,0.7694852901549353
ct_w4_i2,4,evaluation,width3,0,16,10,408,0.775551278822283,0.7653826061792544,0.7557085452692052
ct_w4_i2,4,evaluation,width3,19,16,10,408,0.7272207115731021,0.7236123549700935,0.786268520922783
ct_w4_i2,4,evaluation,width3,42,16,10,408,0.7904635480146861,0.7888862212091696,0.7507247807787476
ct_w4_i2,4,evaluation,width3,50,16,10,408,0.6921194014041072,0.6822489061832729,0.7848880868267818
ct_w4_i2,4,evaluation,width3,101,16,10,408,0.6876545749038047,0.6820967001074794,0.7963609291409222
ct_w4_i3,4,evaluation,chain,0,16,3,91,0.9371763137088228,-0.5171776992112656,0.3882917648889987
ct_w4_i3,4,evaluation,chain,19,16,3,91,0.9265518088251159,-0.5941816931474726,0.42323234598144666
ct_w4_i3,4,evaluation,chain,42,16,3,91,0.9481365911974229,-0.6224888965908479,0.34553918222373825
ct_w4_i3,4,evaluation,chain,50,16,3,91,0.91076389473661,-0.6064777407998886,0.432330771838091
ct_w4_i3,4,evaluation,chain,101,16,3,91,0.9383788132694598,-0.6523815752922497,0.3838217955665158
ct_w4_i3,4,evaluation,problem_tree,0,16,3,91,0.5574171630765736,0.23762229988818132,0.8519856321083016
ct_w4_i3,4,evaluation,problem_tree,19,16,3,91,0.6761429070849408,0.502555576578815,0.7386264537993228
ct_w4_i3,4,evaluation,problem_tree,42,16,3,91,0.6344389239723499,0.42718463790704786,0.7853867312565525
ct_w4_i3,4,evaluation,problem_tree,50,16,3,91,0.5603520943963944,0.1439632258778068,0.8378756133803387
ct_w4_i3,4,evaluation,problem_tree,101,16,3,91,0.5999810703274802,0.22859679865727978,0.8078641601619542
ct_w4_i3,4,evaluation,width2,0,16,6,245,0.6853336796353593,0.6248068396695032,0.7497854174856972
ct_w4_i3,4,evaluation,width2,19,16,6,245,0.7831399730963291,0.7494924633004162,0.7000080247022054
ct_w4_i3,4,evaluation,width2,42,16,6,245,0.7892379233268674,0.7102690582642258,0.7095865597536787
ct_w4_i3,4,evaluation,width2,50,16,6,245,0.6904456011066827,0.5609608135819538,0.759735523082355
ct_w4_i3,4,evaluation,width2,101,16,6,245,0.7237994408773439,0.6433828946195336,0.7311976139211563
ct_w4_i3,4,evaluation,width3,0,16,9,364,0.7292724438986573,0.7199326589586627,0.748103175029624
ct_w4_i3,4,evaluation,width3,19,16,9,364,0.7788374872514019,0.7707497959064951,0.7369527262375657
ct_w4_i3,4,evaluation,width3,42,16,9,364,0.7751562321202704,0.7612027254804883,0.7265981558949884
ct_w4_i3,4,evaluation,width3,50,16,9,364,0.7419304339853616,0.6841310023582443,0.753785699926109
ct_w4_i3,4,evaluation,width3,101,16,9,364,0.771868811269197,0.7431683614787791,0.7272405127375186
ct_w4_i4,4,evaluation,chain,0,16,3,91,0.9439095984894678,-0.8570562152602786,0.34072748837424155
ct_w4_i4,4,evaluation,chain,19,16,3,91,0.9588322010853969,-0.8804932505941232,0.31926261448200005
ct_w4_i4,4,evaluation,chain,42,16,3,91,0.9252730837303635,-0.858269488054998,0.391792699643346
ct_w4_i4,4,evaluation,chain,50,16,3,91,0.9186893983701825,-0.8813221238220671,0.3954380806551763
ct_w4_i4,4,evaluation,chain,101,16,3,91,0.938788098709269,-0.8532364061439669,0.34951655045910535
ct_w4_i4,4,evaluation,problem_tree,0,16,3,91,0.5976803119884554,0.30623554124930524,0.8313538466678108
ct_w4_i4,4,evaluation,problem_tree,19,16,3,91,0.5192168632817631,0.24837156912528208,0.8802839880207978
ct_w4_i4,4,evaluation,problem_tree,42,16,3,91,0.5979810950237008,0.19781415169463593,0.8186194664405262
ct_w4_i4,4,evaluation,problem_tree,50,16,3,91,0.520287052118614,0.2442138187930882,0.8793978144482008
ct_w4_i4,4,evaluation,problem_tree,101,16,3,91,0.6459213902466306,0.46238301489716827,0.7809236737092283
ct_w4_i4,4,evaluation,width2,0,16,6,289,0.6496678514820349,0.49630614261787714,0.8097030947530833
ct_w4_i4,4,evaluation,width2,19,16,6,289,0.6550986229822147,0.5668053403632828,0.7932159832334313
ct_w4_i4,4,evaluation,width2,42,16,6,289,0.6370262586014435,0.47991306935039946,0.8065701953732491
ct_w4_i4,4,evaluation,width2,50,16,6,289,0.6967343377679328,0.5699181490254135,0.7779510806885119
ct_w4_i4,4,evaluation,width2,101,16,6,289,0.6546626926223844,0.5728448259189932,0.8036612205519429
ct_w4_i4,4,evaluation,width3,0,16,10,465,0.7206437113864818,0.7184167950522768,0.8007911219973093
ct_w4_i4,4,evaluation,width3,19,16,10,465,0.7609913310493441,0.7545140717592218,0.7916960778100093
ct_w4_i4,4,evaluation,width3,42,16,10,465,0.6819853948104954,0.6768294432978635,0.8091442598725335
ct_w4_i4,4,evaluation,width3,50,16,10,465,0.6711065152194333,0.6581431898468134,0.8137338680779402
ct_w4_i4,4,evaluation,width3,101,16,10,465,0.6463167750528215,0.6333461142387191,0.8254807203035005
ct_w4_i5,4,evaluation,chain,0,16,3,91,0.9726090844478611,-0.9048741077559218,0.3120874305664557
ct_w4_i5,4,evaluation,chain,19,16,3,91,0.9704573759329878,-0.9128918956954973,0.28873366488969426
ct_w4_i5,4,evaluation,chain,42,16,3,91,0.9709392183394663,-0.9073863665030673,0.29446763301463813
ct_w4_i5,4,evaluation,chain,50,16,3,91,0.9547223210492831,-0.9048656120382267,0.3214601040210494
ct_w4_i5,4,evaluation,chain,101,16,3,91,0.9648372392232833,-0.9318065509544431,0.3599854969477992
ct_w4_i5,4,evaluation,problem_tree,0,16,3,91,0.5394697227702423,0.2574477051938125,0.8769960816251303
ct_w4_i5,4,evaluation,problem_tree,19,16,3,91,0.5805792286712687,0.27447906421670787,0.8163135543453778
ct_w4_i5,4,evaluation,problem_tree,42,16,3,91,0.5628907428692597,0.2972701224857753,0.8446428538363988
ct_w4_i5,4,evaluation,problem_tree,50,16,3,91,0.5481516677287659,0.3657800018471618,0.8613196363694664
ct_w4_i5,4,evaluation,problem_tree,101,16,3,91,0.6865346517014224,0.43631791711731177,0.7280037320332168
ct_w4_i5,4,evaluation,width2,0,16,6,286,0.7076436863521804,0.671772185247604,0.7469359339365161
ct_w4_i5,4,evaluation,width2,19,16,6,286,0.7599471958313244,0.7219948781691111,0.738545285375726
ct_w4_i5,4,evaluation,width2,42,16,6,286,0.7864522888666746,0.7340212593497328,0.7431881667839499
ct_w4_i5,4,evaluation,width2,50,16,6,286,0.6902900878218088,0.6462186951220579,0.780948429328746
ct_w4_i5,4,evaluation,width2,101,16,6,286,0.6864022012949328,0.644957613543876,0.7765037002089995
ct_w4_i5,4,evaluation,width3,0,16,10,427,0.7837612193436143,0.769991839018016,0.7530160717831554
ct_w4_i5,4,evaluation,width3,19,16,10,427,0.7505866631870508,0.7396735033242635,0.7682488397781171
ct_w4_i5,4,evaluation,width3,42,16,10,427,0.7309624596007986,0.7151495810346074,0.7983684927692667
ct_w4_i5,4,evaluation,width3,50,16,10,427,0.7222153532563634,0.7157283405257986,0.7916453942334336
ct_w4_i5,4,evaluation,width3,101,16,10,427,0.6668346502722933,0.6564008104395321,0.817588689307448
ct_w5_i1,5,calibration,chain,0,16,3,91,0.9299153483382756,-0.8747197924938276,0.3704082012144762
ct_w5_i1,5,calibration,chain,19,16,3,91,0.9495307926805633,-0.889885585886335,0.34188989991865554
ct_w5_i1,5,calibration,chain,42,16,3,91,0.9524836790689011,-0.8586220853950802,0.3069274746200787
ct_w5_i1,5,calibration,chain,50,16,3,91,0.914264294657006,-0.8534314074354887,0.40980942479191756
ct_w5_i1,5,calibration,chain,101,16,3,91,0.9437013526430409,-0.8913845831057748,0.37661715905176096
ct_w5_i1,5,calibration,problem_tree,0,16,3,91,0.6887295977781464,0.008210780106236567,0.7250196935847918
ct_w5_i1,5,calibration,problem_tree,19,16,3,91,0.6691057363926497,0.18245603382348713,0.7432349479341529
ct_w5_i1,5,calibration,problem_tree,42,16,3,91,0.6530454143254183,0.18288572839379644,0.7631887428932449
ct_w5_i1,5,calibration,problem_tree,50,16,3,91,0.6979691008425556,0.2240814294287122,0.7165117298947487
ct_w5_i1,5,calibration,problem_tree,101,16,3,91,0.7437446972163464,0.30902083576328704,0.6719896530062035
ct_w5_i1,5,calibration,width2,0,16,6,271,0.7482628453219499,0.6583809204876794,0.721483473207897
ct_w5_i1,5,calibration,width2,19,16,6,271,0.7752377807594669,0.7386713032298492,0.7093777522199648
ct_w5_i1,5,calibration,width2,42,16,6,271,0.7623406751119056,0.6667937263030914,0.7230572540087473
ct_w5_i1,5,calibration,width2,50,16,6,271,0.7274647667202898,0.6473059757980512,0.7254622747792256
ct_w5_i1,5,calibration,width2,101,16,6,271,0.749717465702647,0.6729405971363277,0.7196840814563957
ct_w5_i1,5,calibration,width3,0,16,9,436,0.7733094842000505,0.7609455981851001,0.7185249888365106
ct_w5_i1,5,calibration,width3,19,16,9,436,0.7801003880085645,0.7568315378679139,0.728108960212272
ct_w5_i1,5,calibration,width3,42,16,9,436,0.7997415582324595,0.7949899946432852,0.7120924066580311
ct_w5_i1,5,calibration,width3,50,16,9,436,0.7085346161110793,0.7074133900146831,0.7616436213812346
ct_w5_i1,5,calibration,width3,101,16,9,436,0.7042321375148417,0.703220223345248,0.7446686717098979
ct_w5_i2,5,evaluation,chain,0,16,3,91,0.9153394696939381,-0.848601599434528,0.4028601729776129
ct_w5_i2,5,evaluation,chain,19,16,3,91,0.929495007045953,-0.8416524386582978,0.36914363290346786
ct_w5_i2,5,evaluation,chain,42,16,3,91,0.914931868344678,-0.7444412528777753,0.4060738189630794
ct_w5_i2,5,evaluation,chain,50,16,3,91,0.8762267114565092,-0.7764247254513427,0.48347495287993936
ct_w5_i2,5,evaluation,chain,101,16,3,91,0.9378827902574733,-0.861884429040609,0.3679093314228377
ct_w5_i2,5,evaluation,problem_tree,0,16,3,91,0.6915787942421603,0.19910751657338965,0.7367463534211034
ct_w5_i2,5,evaluation,problem_tree,19,16,3,91,0.5710146203715386,0.37165570840581674,0.8451641771479093
ct_w5_i2,5,evaluation,problem_tree,42,16,3,91,0.6310301457208568,0.35053848554694017,0.7766086111239445
ct_w5_i2,5,evaluation,problem_tree,50,16,3,91,0.5430055595090751,0.19913328964782603,0.8737613627932064
ct_w5_i2,5,evaluation,problem_tree,101,16,3,91,0.7487378494130964,0.3608790647384709,0.6630253283434486
ct_w5_i2,5,evaluation,width2,0,16,6,286,0.693234964036907,0.6046835333695105,0.7797359291569538
ct_w5_i2,5,evaluation,width2,19,16,6,286,0.7360796593462515,0.6843474592941411,0.7611612948493187
ct_w5_i2,5,evaluation,width2,42,16,6,286,0.710178972891193,0.6502353925966483,0.7785548692340926
ct_w5_i2,5,evaluation,width2,50,16,6,286,0.7238240077663511,0.6204196697318153,0.7534685424047687
ct_w5_i2,5,evaluation,width2,101,16,6,286,0.7579640231035633,0.6725237963838363,0.7416009836959148
ct_w5_i2,5,evaluation,width3,0,16,9,418,0.7452445513769567,0.7197504392140687,0.7729111376313328
ct_w5_i2,5,evaluation,width3,19,16,9,418,0.7333122752948534,0.7214835179705202,0.7768371037776997
ct_w5_i2,5,evaluation,width3,42,16,9,418,0.7356689141089503,0.7098687232615972,0.7814940965828635
ct_w5_i2,5,evaluation,width3,50,16,9,418,0.7429817967378963,0.6914441003648866,0.7463794729294929
ct_w5_i2,5,evaluation,width3,101,16,9,418,0.7717829112026138,0.7600742629494546,0.7626109253433325
ct_w5_i3,5,evaluation,chain,0,16,3,91,0.9279258675705495,-0.7818704387969599,0.37422569368685626
ct_w5_i3,5,evaluation,chain,19,16,3,91,0.9616884709824317,-0.8164063658247905,0.2743647727145848
ct_w5_i3,5,evaluation,chain,42,16,3,91,0.9566024143292968,-0.7973207420094109,0.2917521958656139
ct_w5_i3,5,evaluation,chain,50,16,3,91,0.933645306741148,-0.7610019144780931,0.36166512337470486
ct_w5_i3,5,evaluation,chain,101,16,3,91,0.9399233638500788,-0.7952335084190786,0.3503154344401231
ct_w5_i3,5,evaluation,problem_tree,0,16,3,91,0.5763879170381572,0.23450786440379393,0.8521457992077506
ct_w5_i3,5,evaluation,problem_tree,19,16,3,91,0.5603473925916757,0.4085519197748599,0.8372354620129873
ct_w5_i3,5,evaluation,problem_tree,42,16,3,91,0.5025648281462114,0.22061998795424898,0.8877223685391186
ct_w5_i3,5,evaluation,problem_tree,50,16,3,91,0.5131826011407228,0.23759905564988298,0.8922173202993143
ct_w5_i3,5,evaluation,problem_tree,101,16,3,91,0.5872064029326561,0.36626068282106244,0.8187473674031364
ct_w5_i3,5,evaluation,width2,0,16,6,271,0.7574457534611962,0.6801410842310021,0.7375655172061071
ct_w5_i3,5,evaluation,width2,19,16,6,271,0.7827320261821551,0.7554624265155431,0.7342517674259653
ct_w5_i3,5,evaluation,width2,42,16,6,271,0.7349526900253154,0.6625601491773878,0.7592590976717833
ct_w5_i3,5,evaluation,width2,50,16,6,271,0.6827484870752334,0.6076108961802745,0.77285032709975
ct_w5_i3,5,evaluation,width2,101,16,6,271,0.7712535255277315,0.6852588624151562,0.7141592156469836
ct_w5_i3,5,evaluation,width3,0,16,9,419,0.8453828131619192,0.815589663043245,0.7179671290775221
ct_w5_i3,5,evaluation,width3,19,16,9,419,0.8178170751280186,0.8114994803741699,0.7295757308994619
ct_w5_i3,5,evaluation,width3,42,16,9,419,0.7833124080659123,0.7524792920139091,0.7477725185574814
ct_w5_i3,5,evaluation,width3,50,16,9,419,0.7052121654868292,0.6722351667616036,0.7756256308009708
ct_w5_i3,5,evaluation,width3,101,16,9,419,0.781131728666364,0.7322580378225111,0.7394313969396493
ct_w5_i4,5,evaluation,chain,0,16,3,91,0.9294240718109888,-0.8267661064210846,0.3701236170759381
ct_w5_i4,5,evaluation,chain,19,16,3,91,0.9476952277298087,-0.8245218242694434,0.32069252781800456
ct_w5_i4,5,evaluation,chain,42,16,3,91,0.9407796613196195,-0.8223222720864014,0.34337185091680683
ct_w5_i4,5,evaluation,chain,50,16,3,91,0.897813714255394,-0.7772529896473885,0.4407944065295766
ct_w5_i4,5,evaluation,chain,101,16,3,91,0.9459325586243222,-0.8149977836183829,0.3265504682515426
ct_w5_i4,5,evaluation,problem_tree,0,16,3,91,0.7172008156626002,0.2444508558333594,0.7183352054397655
ct_w5_i4,5,evaluation,problem_tree,19,16,3,91,0.7120809084804804,0.25052793291188696,0.703672118442815
ct_w5_i4,5,evaluation,problem_tree,42,16,3,91,0.6433245776169979,0.06445567969424307,0.79911251680038
ct_w5_i4,5,evaluation,problem_tree,50,16,3,91,0.6215205466160084,0.1159974487316668,0.8036871994735493
ct_w5_i4,5,evaluation,problem_tree,101,16,3,91,0.6850504551915467,0.17785952058836155,0.7530647887570344
ct_w5_i4,5,evaluation,width2,0,16,6,253,0.7096981763503944,0.6190563817763806,0.7441002634353628
ct_w5_i4,5,evaluation,width2,19,16,6,253,0.7014279919225888,0.6024637383490851,0.7359271607384765
ct_w5_i4,5,evaluation,width2,42,16,6,253,0.6786678561480274,0.5923419402071511,0.7637957807358999
ct_w5_i4,5,evaluation,width2,50,16,6,253,0.684712195566771,0.6197111022474144,0.754217448867419
ct_w5_i4,5,evaluation,width2,101,16,6,253,0.6615942860986574,0.6042378710319263,0.7718627858316083
ct_w5_i4,5,evaluation,width3,0,16,10,439,0.6967988895252671,0.6830901445959977,0.7929286518089403
ct_w5_i4,5,evaluation,width3,19,16,10,439,0.7856003667746638,0.7691751503456512,0.7457938649772102
ct_w5_i4,5,evaluation,width3,42,16,10,439,0.7358243598493578,0.7325554919156295,0.7750925453958712
ct_w5_i4,5,evaluation,width3,50,16,10,439,0.703495752718071,0.694505557030893,0.7889346441329672
ct_w5_i4,5,evaluation,width3,101,16,10,439,0.6778131634706214,0.6790238415391138,0.8140360114036113
ct_w5_i5,5,evaluation,chain,0,16,3,91,0.922414044270172,-0.8007419979754283,0.3865792983866778
ct_w5_i5,5,evaluation,chain,19,16,3,91,0.9607106735118603,-0.8430338224306405,0.287318762494678
ct_w5_i5,5,evaluation,chain,42,16,3,91,0.9609538597901898,-0.8162231738341932,0.27856440567108254
ct_w5_i5,5,evaluation,chain,50,16,3,91,0.9269048663129891,-0.7793084995539321,0.3753695947588715
ct_w5_i5,5,evaluation,chain,101,16,3,91,0.9473834488838282,-0.8237211756402081,0.33733842021186466
ct_w5_i5,5,evaluation,problem_tree,0,16,3,91,0.6245326436919585,0.3633088723193644,0.7835244522270906
ct_w5_i5,5,evaluation,problem_tree,19,16,3,91,0.653693412619779,0.396405289862051,0.7571392136369328
ct_w5_i5,5,evaluation,problem_tree,42,16,3,91,0.6845494993264932,0.35593575244185177,0.729310297538944
ct_w5_i5,5,evaluation,problem_tree,50,16,3,91,0.6500834358399186,0.3932602875290169,0.7608559335352877
ct_w5_i5,5,evaluation,problem_tree,101,16,3,91,0.6729679079547541,0.3981033001236889,0.739868218868863
ct_w5_i5,5,evaluation,width2,0,16,6,266,0.7544917389678754,0.6980414820234737,0.7392832076634944
ct_w5_i5,5,evaluation,width2,19,16,6,266,0.8506472237226007,0.8225967691751507,0.6959396773500706
ct_w5_i5,5,evaluation,width2,42,16,6,266,0.7595370131669205,0.7037213349189377,0.737660400193714
ct_w5_i5,5,evaluation,width2,50,16,6,266,0.7640884505265972,0.7017689065749397,0.7425189149553468
ct_w5_i5,5,evaluation,width2,101,16,6,266,0.7647937786902103,0.6947552135230621,0.7196298684576299
ct_w5_i5,5,evaluation,width3,0,16,9,400,0.7507593301944967,0.7323553079926193,0.7515595177160636
ct_w5_i5,5,evaluation,width3,19,16,9,400,0.7798594185276813,0.7661122273754436,0.7335717217041603
ct_w5_i5,5,evaluation,width3,42,16,9,400,0.6737423403362086,0.6615389956068192,0.7776366396967471
ct_w5_i5,5,evaluation,width3,50,16,9,400,0.7741395796956432,0.7418710661275125,0.7350693829858952
ct_w5_i5,5,evaluation,width3,101,16,9,400,0.7024310504532467,0.6948397249134508,0.7566407262142394
ct_w6_i1,6,calibration,chain,0,16,3,91,0.938209581964383,-0.7685888085500354,0.3466984545853865
ct_w6_i1,6,calibration,chain,19,16,3,91,0.9494973228075885,-0.8391093992961435,0.3171475173359463
ct_w6_i1,6,calibration,chain,42,16,3,91,0.946342791336867,-0.7930145736472975,0.32386965342778395
ct_w6_i1,6,calibration,chain,50,16,3,91,0.9183602715694597,-0.7643100880661665,0.39972367691890665
ct_w6_i1,6,calibration,chain,101,16,3,91,0.9481187870837727,-0.8329678498746302,0.3303607528376034
ct_w6_i1,6,calibration,problem_tree,0,16,3,91,0.6693324399214905,0.012677212374171607,0.8078438495357655
ct_w6_i1,6,calibration,problem_tree,19,16,3,91,0.6566738476794363,-0.015027726970306157,0.7597783330316544
ct_w6_i1,6,calibration,problem_tree,42,16,3,91,0.729128933443572,-0.03771809711224234,0.707121381652344
ct_w6_i1,6,calibration,problem_tree,50,16,3,91,0.666262173241718,0.05421457970790801,0.7736859963176251
ct_w6_i1,6,calibration,problem_tree,101,16,3,91,0.6717649402278453,0.0831011103152904,0.7673331672773652
ct_w6_i1,6,calibration,width2,0,16,6,255,0.7034903018236417,0.5148002981082442,0.7623302746509559
ct_w6_i1,6,calibration,width2,19,16,6,255,0.7840124233902475,0.6807102746183772,0.6929568819591287
ct_w6_i1,6,calibration,width2,42,16,6,255,0.7225157660729002,0.6097263666350761,0.7204333854288154
ct_w6_i1,6,calibration,width2,50,16,6,255,0.6995795700075197,0.5550400600658286,0.7568009019021571
ct_w6_i1,6,calibration,width2,101,16,6,255,0.6744623400875305,0.5508010348888958,0.7692432384870668
ct_w6_i1,6,calibration,width3,0,16,10,443,0.6704502159140243,0.6705971270716218,0.7596375690778652
ct_w6_i1,6,calibration,width3,19,16,10,443,0.7845681084180561,0.7637509281332494,0.684091273572938
ct_w6_i1,6,calibration,width3,42,16,10,443,0.7870404099545353,0.767772175226147,0.717173178640172
ct_w6_i1,6,calibration,width3,50,16,10,443,0.7207412675531969,0.6895039617871791,0.7468351663967836
ct_w6_i1,6,calibration,width3,101,16,10,443,0.7476558980418162,0.7460065662704367,0.7383445354089383
ct_w6_i2,6,evaluation,chain,0,16,3,91,0.9543802876349999,-0.6562164860259422,0.3202103809543864
ct_w6_i2,6,evaluation,chain,19,16,3,91,0.960208943980374,-0.7501736225291612,0.28025307538731736
ct_w6_i2,6,evaluation,chain,42,16,3,91,0.9594160392008386,-0.6975895940969301,0.3209043251370938
ct_w6_i2,6,evaluation,chain,50,16,3,91,0.9041708997805428,-0.6146361938888084,0.45692179003960265
ct_w6_i2,6,evaluation,chain,101,16,3,91,0.9584821449447578,-0.763428478944197,0.28587036330292703
ct_w6_i2,6,evaluation,problem_tree,0,16,3,91,0.5722919795779488,0.3964425668068953,0.9041035654582337
ct_w6_i2,6,evaluation,problem_tree,19,16,3,91,0.6074886793330405,0.3270002038692323,0.8138986824016222
ct_w6_i2,6,evaluation,problem_tree,42,16,3,91,0.5829857334440604,0.21716579648008366,0.860117431598531
ct_w6_i2,6,evaluation,problem_tree,50,16,3,91,0.5270929811653967,0.23686507279775149,0.904369778560102
ct_w6_i2,6,evaluation,problem_tree,101,16,3,91,0.5489725352082815,0.39083781182089233,0.9068588216019988
ct_w6_i2,6,evaluation,width2,0,16,6,259,0.6840232708435025,0.6233246779759807,0.7573297147006639
ct_w6_i2,6,evaluation,width2,19,16,6,259,0.6775219555517248,0.6106571084862512,0.773749814733108
ct_w6_i2,6,evaluation,width2,42,16,6,259,0.7420142948890014,0.6255448956723155,0.7442484091972149
ct_w6_i2,6,evaluation,width2,50,16,6,259,0.6449220571086228,0.5077257219005018,0.7887591213906177
ct_w6_i2,6,evaluation,width2,101,16,6,259,0.6980939299965211,0.6369889567395105,0.7586717983116752
ct_w6_i2,6,evaluation,width3,0,16,10,420,0.7548859554466115,0.7427129396617155,0.7473601439824462
ct_w6_i2,6,evaluation,width3,19,16,10,420,0.7140510491628156,0.7082494089903209,0.7806815794787444
ct_w6_i2,6,evaluation,width3,42,16,10,420,0.7439344235757831,0.6990119161116275,0.7567644759948625
ct_w6_i2,6,evaluation,width3,50,16,10,420,0.7470373068001597,0.7194926582048735,0.7544230193465263
ct_w6_i2,6,evaluation,width3,101,16,10,420,0.7301459253204702,0.7080703105924903,0.7458253383597735
ct_w6_i3,6,evaluation,chain,0,16,3,91,0.9020595882384658,-0.8201746665278853,0.4316431197315439
ct_w6_i3,6,evaluation,chain,19,16,3,91,0.9509087402825309,-0.8238451842888773,0.32843686265660715
ct_w6_i3,6,evaluation,chain,42,16,3,91,0.928650944322643,-0.8237037254969484,0.37095848699027656
ct_w6_i3,6,evaluation,chain,50,16,3,91,0.887831487944664,-0.8175253555837659,0.4616161542607832
ct_w6_i3,6,evaluation,chain,101,16,3,91,0.9366743884997293,-0.8534933242876878,0.36855974544242864
ct_w6_i3,6,evaluation,problem_tree,0,16,3,91,0.7838553078998934,0.19707383135183662,0.6382259693770719
ct_w6_i3,6,evaluation,problem_tree,19,16,3,91,0.7318221496550574,0.2289045401232562,0.6859691390536664
ct_w6_i3,6,evaluation,problem_tree,42,16,3,91,0.7105922097114004,0.0753469398568942,0.718593538473993
ct_w6_i3,6,evaluation,problem_tree,50,16,3,91,0.6651114394162769,0.12910320199764141,0.7948448265930526
ct_w6_i3,6,evaluation,problem_tree,101,16,3,91,0.7645589725288721,0.3048821658771358,0.6546804556298192
ct_w6_i3,6,evaluation,width2,0,16,6,256,0.6941558160668128,0.5420958632391555,0.7398298305920442
ct_w6_i3,6,evaluation,width2,19,16,6,256,0.7631298834540284,0.5817834380773909,0.7255919328786496
ct_w6_i3,6,evaluation,width2,42,16,6,256,0.7694726115006533,0.6240525283111861,0.7213150928332811
ct_w6_i3,6,evaluation,width2,50,16,6,256,0.6819885739018806,0.41442275665304396,0.7787268314057054
ct_w6_i3,6,evaluation,width2,101,16,6,256,0.7248058094298618,0.5531526255440347,0.7585452746844916
ct_w6_i3,6,evaluation,width3,0,16,9,432,0.7646021679208206,0.7213203063836241,0.7220235806082189
ct_w6_i3,6,evaluation,width3,19,16,9,432,0.775658978372531,0.7249694278380616,0.7161323220810915
ct_w6_i3,6,evaluation,width3,42,16,9,432,0.7965854560157225,0.7547950192505882,0.6975303844027448
ct_w6_i3,6,evaluation,width3,50,16,9,432,0.7317461569651459,0.6769802870402314,0.7480435329152693
ct_w6_i3,6,evaluation,width3,101,16,9,432,0.7932059241857441,0.749698090211004,0.7181114321130703
ct_w6_i4,6,evaluation,chain,0,16,3,91,0.9183620488322323,-0.8643894025947936,0.4359405104775705
ct_w6_i4,6,evaluation,chain,19,16,3,91,0.9321895890267546,-0.8727967456660604,0.39324612789316715
ct_w6_i4,6,evaluation,chain,42,16,3,91,0.9176940907171505,-0.8694219588241252,0.41606979981654046
ct_w6_i4,6,evaluation,chain,50,16,3,91,0.896152581198834,-0.818186158931431,0.4525466470876179
ct_w6_i4,6,evaluation,chain,101,16,3,91,0.9186665609019384,-0.8683245419048241,0.4416273572122854
ct_w6_i4,6,evaluation,problem_tree,0,16,3,91,0.6014773283839221,0.3545319613199917,0.8144617990641139
ct_w6_i4,6,evaluation,problem_tree,19,16,3,91,0.5864094842901202,0.31976267729816904,0.8113726984153963
ct_w6_i4,6,evaluation,problem_tree,42,16,3,91,0.487719801830253,0.1246889785546245,0.9069018729351535
ct_w6_i4,6,evaluation,problem_tree,50,16,3,91,0.5555617288759229,0.2687337710740357,0.8356992953793018
ct_w6_i4,6,evaluation,problem_tree,101,16,3,91,0.6175703248836384,0.3692504319872657,0.7887945464287588
ct_w6_i4,6,evaluation,width2,0,16,6,283,0.7180914813350999,0.6400505096622099,0.7347868554751248
ct_w6_i4,6,evaluation,width2,19,16,6,283,0.7266413026507021,0.690666487151033,0.744832833615626
ct_w6_i4,6,evaluation,width2,42,16,6,283,0.7221819598299035,0.6185161891868749,0.7609864492215774
ct_w6_i4,6,evaluation,width2,50,16,6,283,0.7688512488675905,0.678299889064377,0.7522012757201811
ct_w6_i4,6,evaluation,width2,101,16,6,283,0.7796858809856608,0.7318699807853075,0.7178444237040845
ct_w6_i4,6,evaluation,width3,0,16,9,435,0.6405040043085177,0.6443953256036269,0.7898587374821753
ct_w6_i4,6,evaluation,width3,19,16,9,435,0.7994561950884421,0.7893134923287269,0.7526490536130985
ct_w6_i4,6,evaluation,width3,42,16,9,435,0.7280952715954029,0.6817912840191418,0.7674526846574122
ct_w6_i4,6,evaluation,width3,50,16,9,435,0.7147847926971285,0.6983650161382743,0.789513574556612
ct_w6_i4,6,evaluation,width3,101,16,9,435,0.7550385287592692,0.7497240414894942,0.7540064465336126
ct_w6_i5,6,evaluation,chain,0,16,3,91,0.9497194883372037,-0.817869812704866,0.31719775846407233
ct_w6_i5,6,evaluation,chain,19,16,3,91,0.9447950175767594,-0.8292297093990812,0.3296103666044684
ct_w6_i5,6,evaluation,chain,42,16,3,91,0.9627171008168768,-0.8156467561939809,0.27054102062204577
ct_w6_i5,6,evaluation,chain,50,16,3,91,0.9384329585908741,-0.7301368663965916,0.3496799480274132
ct_w6_i5,6,evaluation,chain,101,16,3,91,0.953260970310595,-0.8107332868611155,0.3185992257923571
ct_w6_i5,6,evaluation,problem_tree,0,16,3,91,0.5607781909417741,0.0037845010851243455,0.9009221796790553
ct_w6_i5,6,evaluation,problem_tree,19,16,3,91,0.5112352419017513,0.11700848846593269,0.8793909544221205
ct_w6_i5,6,evaluation,problem_tree,42,16,3,91,0.6347562022372872,0.10185548583510189,0.7941722811302729
ct_w6_i5,6,evaluation,problem_tree,50,16,3,91,0.5351076501878888,0.004408521271814105,0.858151011019387
ct_w6_i5,6,evaluation,problem_tree,101,16,3,91,0.47759022967458975,0.11480528682618985,0.9055667113995979
ct_w6_i5,6,evaluation,width2,0,16,6,253,0.5732711606300087,0.4056574031940786,0.8302385945671731
ct_w6_i5,6,evaluation,width2,19,16,6,253,0.6053590444622972,0.43114010526942265,0.8001932303936385
ct_w6_i5,6,evaluation,width2,42,16,6,253,0.7052223043370367,0.5926799801374905,0.7449218106273391
ct_w6_i5,6,evaluation,width2,50,16,6,253,0.6371180023030754,0.48635683719240186,0.7913444139978663
ct_w6_i5,6,evaluation,width2,101,16,6,253,0.62727118702823,0.5650322508808053,0.7903057715199361
ct_w6_i5,6,evaluation,width3,0,16,9,393,0.7229847187939261,0.6708806493065318,0.7798968207285718
ct_w6_i5,6,evaluation,width3,19,16,9,393,0.7348930792923036,0.6689641698515789,0.7508972696727124
ct_w6_i5,6,evaluation,width3,42,16,9,393,0.8000913139243934,0.7663985284941639,0.7086970208619293
ct_w6_i5,6,evaluation,width3,50,16,9,393,0.6925656218830154,0.6010993754303612,0.7705083302917696
ct_w6_i5,6,evaluation,width3,101,16,9,393,0.7103354429727563,0.6767275147743245,0.7617864215117953
