instance_id,instance_width,split,graph,samples_per_batch,total_samples_per_update,seed,method,success,first_success_step,minimum_gap,sample_batches,total_samples,first_direction_cosine_exact_ng,first_sample_rank,final_gap,final_pstar,final_dominant_probability,final_gradient_ratio,final_trap_candidate
ct_w3_i1,3,calibration,problem_tree,256,512,0,independent_equal_full_fisher,1,9.0,0.029077025420633618,9,4608,0.4523669393479857,27,0.029077025420633618,0.9717492268200837,0.9717492268200837,0.015888484868322256,0
ct_w3_i1,3,calibration,problem_tree,256,512,19,independent_equal_full_fisher,1,10.0,0.058234984763098296,10,5120,0.6252537325254683,29,0.058234984763098296,0.9507822234350066,0.9507822234350066,0.047097639340599164,0
ct_w3_i1,3,calibration,problem_tree,256,512,42,independent_equal_full_fisher,1,15.0,0.08418163173256232,15,7680,0.6455517001486313,28,0.08418163173256232,0.9182161897266901,0.9182161897266901,0.08069476518407927,0
ct_w3_i1,3,calibration,problem_tree,256,512,50,independent_equal_full_fisher,1,13.0,0.048893710190998974,13,6656,0.46912166136642464,25,0.048893710190998974,0.9516973649551485,0.9516973649551485,0.03819060293283357,0
ct_w3_i1,3,calibration,problem_tree,256,512,101,independent_equal_full_fisher,1,11.0,0.09715784669978156,11,5632,0.4309718906561567,25,0.09715784669978156,0.9079999510970302,0.9079999510970302,0.07780143316998447,0
ct_w3_i1,3,calibration,width3,64,128,0,independent_equal_full_fisher,0,,1.0000107714552673,199,25472,0.27070631822054064,41,1.0000107714552673,9.239676598540884e-23,0.9230260669424062,1.994044766975202e-05,1
ct_w3_i1,3,calibration,width3,64,128,19,independent_equal_full_fisher,0,,1.0000307268829154,199,25472,0.5075199524714411,37,1.0000307268829154,7.7586245461801226e-31,0.9265349016681971,5.5062068505611335e-05,1
ct_w3_i1,3,calibration,width3,64,128,42,independent_equal_full_fisher,1,16.0,0.07193614428391193,16,2048,0.3546739934405411,40,0.07193614428391193,0.9285196562230238,0.9285196562230238,0.1375946129574696,0
ct_w3_i1,3,calibration,width3,64,128,50,independent_equal_full_fisher,1,13.0,0.08400001295592929,13,1664,0.3883112396073907,34,0.08400001295592929,0.921404926857872,0.921404926857872,0.303108956980068,0
ct_w3_i1,3,calibration,width3,64,128,101,independent_equal_full_fisher,0,,1.0000155536849888,199,25472,0.3019274517199798,38,1.0000155536849888,1.4810484352385192e-13,0.9999850676573553,2.290387296464682e-05,1
ct_w3_i1,3,calibration,width3,256,512,0,independent_equal_full_fisher,1,11.0,0.07493771776413816,11,5632,0.6668139004387239,48,0.07493771776413816,0.929351602198282,0.929351602198282,0.3072733407687487,0
ct_w3_i1,3,calibration,width3,256,512,19,independent_equal_full_fisher,1,15.0,0.06914422400322451,15,7680,0.7450914814827525,48,0.06914422400322451,0.9516344565741747,0.9516344565741747,0.2890058773298319,0
ct_w3_i1,3,calibration,width3,256,512,42,independent_equal_full_fisher,1,12.0,0.06976084096447721,12,6144,0.5237115686864315,49,0.06976084096447721,0.9457957156985982,0.9457957156985982,0.09007093123049681,0
ct_w3_i1,3,calibration,width3,256,512,50,independent_equal_full_fisher,1,18.0,0.046737573229913565,18,9216,0.7179585155863214,48,0.046737573229913565,0.9540890791606861,0.9540890791606861,0.1818981580808968,0
ct_w3_i1,3,calibration,width3,256,512,101,independent_equal_full_fisher,1,13.0,0.05199022506337592,13,6656,0.6605641213767921,46,0.05199022506337592,0.9498745728537658,0.9498745728537658,0.10615434094631321,0
ct_w3_i2,3,evaluation,problem_tree,256,512,0,independent_equal_full_fisher,1,9.0,0.04060033612227798,9,4608,0.34909714716803203,28,0.04060033612227798,0.9647536702278007,0.9647536702278007,0.03241178789066718,0
ct_w3_i2,3,evaluation,problem_tree,256,512,19,independent_equal_full_fisher,1,10.0,0.09720142888582473,10,5120,0.6714213213402344,30,0.09720142888582473,0.907815372518115,0.907815372518115,0.10669435273831375,0
ct_w3_i2,3,evaluation,problem_tree,256,512,42,independent_equal_full_fisher,1,14.0,0.08643921662265797,14,7168,0.4712529083222355,30,0.08643921662265797,0.9264432738625219,0.9264432738625219,0.10572465527162835,0
ct_w3_i2,3,evaluation,problem_tree,256,512,50,independent_equal_full_fisher,1,14.0,0.03744044278902159,14,7168,0.551902475878308,28,0.03744044278902159,0.964213701098204,0.964213701098204,0.05383865136900323,0
ct_w3_i2,3,evaluation,problem_tree,256,512,101,independent_equal_full_fisher,1,11.0,0.039184111391113774,11,5632,0.6577882697304301,28,0.039184111391113774,0.9653248343205575,0.9653248343205575,0.04489955511967102,0
ct_w3_i2,3,evaluation,width3,64,128,0,independent_equal_full_fisher,1,13.0,0.08148689827085853,13,1664,0.4180653782816762,38,0.08148689827085853,0.9273237449489559,0.9273237449489559,0.2695688299368443,0
ct_w3_i2,3,evaluation,width3,64,128,19,independent_equal_full_fisher,1,19.0,0.07957759283730681,19,2432,0.4956920971534247,37,0.07957759283730681,0.9240365716541419,0.9240365716541419,0.3200598539856796,0
ct_w3_i2,3,evaluation,width3,64,128,42,independent_equal_full_fisher,1,18.0,0.09445936703490432,18,2304,0.5447914491236647,44,0.09445936703490432,0.9160139752685008,0.9160139752685008,0.20367255948045077,0
ct_w3_i2,3,evaluation,width3,64,128,50,independent_equal_full_fisher,1,18.0,0.020377940891945556,18,2304,0.2938783689235954,37,0.020377940891945556,0.9796877767612363,0.9796877767612363,0.060058901590607006,0
ct_w3_i2,3,evaluation,width3,64,128,101,independent_equal_full_fisher,1,15.0,0.0940217898348994,15,1920,0.3414753634931782,38,0.0940217898348994,0.918263747354677,0.918263747354677,0.42181260010320437,0
ct_w3_i2,3,evaluation,width3,256,512,0,independent_equal_full_fisher,1,12.0,0.039535386383064974,12,6144,0.7773176319030697,47,0.039535386383064974,0.9639689153117036,0.9639689153117036,0.15271431304688407,0
ct_w3_i2,3,evaluation,width3,256,512,19,independent_equal_full_fisher,0,,1.0000198625395509,199,101888,0.7013686312785182,45,1.0000198625395509,9.134404900081394e-17,0.4713669041293763,7.109319614412003e-05,0
ct_w3_i2,3,evaluation,width3,256,512,42,independent_equal_full_fisher,1,18.0,0.08887811649147537,18,9216,0.7848778240368206,46,0.08887811649147537,0.9352375474863263,0.9352375474863263,0.24975222219371643,0
ct_w3_i2,3,evaluation,width3,256,512,50,independent_equal_full_fisher,1,18.0,0.06323804396808264,18,9216,0.5609038573088843,47,0.06323804396808264,0.943400604182115,0.943400604182115,0.2468483344831347,0
ct_w3_i2,3,evaluation,width3,256,512,101,independent_equal_full_fisher,1,19.0,0.05752425651507487,19,9728,0.46403439797065604,44,0.05752425651507487,0.948331167069961,0.948331167069961,0.18978806161239917,0
ct_w3_i3,3,evaluation,problem_tree,256,512,0,independent_equal_full_fisher,0,,1.00003898153561,199,101888,0.5448236129023111,28,1.00003898153561,4.591067848773522e-22,0.7210264487702045,7.171764973440891e-05,0
ct_w3_i3,3,evaluation,problem_tree,256,512,19,independent_equal_full_fisher,0,,1.0000317761299566,199,101888,0.3466632468994966,30,1.0000317761299566,2.9572662896456908e-18,0.4372550365599336,4.029156581279673e-05,0
ct_w3_i3,3,evaluation,problem_tree,256,512,42,independent_equal_full_fisher,0,,1.0000900641728716,199,101888,0.6370972434421852,27,1.0000900641728716,7.443809654453201e-25,0.4584449320898431,0.00010372912994994182,0
ct_w3_i3,3,evaluation,problem_tree,256,512,50,independent_equal_full_fisher,0,,1.0000645033056639,199,101888,0.46584910765385557,28,1.0000645033056639,3.1977941525967416e-19,0.4920623899038926,7.048439082818653e-05,0
ct_w3_i3,3,evaluation,problem_tree,256,512,101,independent_equal_full_fisher,0,,1.0000875800362277,199,101888,0.38912717542108904,26,1.0000875800362277,3.6935437821831355e-19,0.3332872970518993,0.00020118763373661188,0
ct_w3_i3,3,evaluation,width3,64,128,0,independent_equal_full_fisher,1,14.0,0.08664479155654625,14,1792,0.28535705234640146,36,0.08664479155654625,0.9242750912983587,0.9242750912983587,0.11208150398245148,0
ct_w3_i3,3,evaluation,width3,64,128,19,independent_equal_full_fisher,1,22.0,0.07837062263202554,22,2816,0.42805490269638924,38,0.07837062263202554,0.9216565335029708,0.9216565335029708,0.19950920723423266,0
ct_w3_i3,3,evaluation,width3,64,128,42,independent_equal_full_fisher,0,,1.0007369806460709,199,25472,0.17714220119788188,35,1.0008350788852045,1.9112842821354319e-59,0.20016585172030005,0.0016884254104986341,0
ct_w3_i3,3,evaluation,width3,64,128,50,independent_equal_full_fisher,1,22.0,0.07532763690229949,22,2816,0.49152399509952355,38,0.07532763690229949,0.926830776473464,0.926830776473464,0.2164025251051319,0
ct_w3_i3,3,evaluation,width3,64,128,101,independent_equal_full_fisher,0,,1.0000203830477226,199,25472,0.4156476232234214,41,1.0000203830477226,1.1391832409747068e-36,0.9392604084265789,5.571393923877544e-05,1
ct_w3_i3,3,evaluation,width3,256,512,0,independent_equal_full_fisher,1,15.0,0.0914762886857563,15,7680,0.8091380564858581,47,0.0914762886857563,0.909229002853476,0.909229002853476,0.2928829125615087,0
ct_w3_i3,3,evaluation,width3,256,512,19,independent_equal_full_fisher,1,15.0,0.09869166733835932,15,7680,0.7465022700333215,46,0.09869166733835932,0.91607062451365,0.91607062451365,0.37933475752234597,0
ct_w3_i3,3,evaluation,width3,256,512,42,independent_equal_full_fisher,1,12.0,0.08011111600957221,12,6144,0.8751476276585417,47,0.08011111600957221,0.9440966905969264,0.9440966905969264,0.3759138852536254,0
ct_w3_i3,3,evaluation,width3,256,512,50,independent_equal_full_fisher,0,,1.0000342943127247,199,101888,0.8283185318172759,46,1.0000342943127247,5.451464924842897e-29,0.6041750392028364,5.013934967086399e-05,0
ct_w3_i3,3,evaluation,width3,256,512,101,independent_equal_full_fisher,1,10.0,0.09710080715480451,10,5120,0.6949521644419533,46,0.09710080715480451,0.9171274034751284,0.9171274034751284,0.37177908323143394,0
ct_w3_i4,3,evaluation,problem_tree,256,512,0,independent_equal_full_fisher,1,12.0,0.06833630445173533,12,6144,0.6370698792462266,29,0.06833630445173533,0.9335382671316939,0.9335382671316939,0.08221296667599647,0
ct_w3_i4,3,evaluation,problem_tree,256,512,19,independent_equal_full_fisher,1,13.0,0.056776527146626066,13,6656,0.5999996297526646,29,0.056776527146626066,0.9452670362065542,0.9452670362065542,0.08387638954582056,0
ct_w3_i4,3,evaluation,problem_tree,256,512,42,independent_equal_full_fisher,1,13.0,0.03835776884256781,13,6656,0.6771932154142222,29,0.03835776884256781,0.9715455023280829,0.9715455023280829,0.048898261677158716,0
ct_w3_i4,3,evaluation,problem_tree,256,512,50,independent_equal_full_fisher,1,9.0,0.09771657339990902,9,4608,0.4932652182985418,29,0.09771657339990902,0.9291567959172612,0.9291567959172612,0.07671233127860169,0
ct_w3_i4,3,evaluation,problem_tree,256,512,101,independent_equal_full_fisher,1,10.0,0.06475254320110402,10,5120,0.6937783970107286,28,0.06475254320110402,0.946599197268044,0.946599197268044,0.11697007671628722,0
ct_w3_i4,3,evaluation,width3,64,128,0,independent_equal_full_fisher,1,20.0,0.07406991244482342,20,2560,0.4005768422132358,38,0.07406991244482342,0.9285972590192225,0.9285972590192225,0.3973090990499844,0
ct_w3_i4,3,evaluation,width3,64,128,19,independent_equal_full_fisher,1,16.0,0.08524637828867121,16,2048,0.3972705469561721,38,0.08524637828867121,0.9169302308354211,0.9169302308354211,0.26932666252179766,0
ct_w3_i4,3,evaluation,width3,64,128,42,independent_equal_full_fisher,1,26.0,0.08758271572721732,26,3328,0.4610020710762945,41,0.08758271572721732,0.9275918801373255,0.9275918801373255,0.23439019292907454,0
ct_w3_i4,3,evaluation,width3,64,128,50,independent_equal_full_fisher,1,26.0,0.03032114599673541,26,3328,0.37986719853569556,42,0.03032114599673541,0.969689326650577,0.969689326650577,0.07435720262346535,0
ct_w3_i4,3,evaluation,width3,64,128,101,independent_equal_full_fisher,0,,1.0000519094994722,199,25472,0.4817720699547706,41,1.0000519094994722,2.415801693022938e-13,0.893866680710091,0.0003262399024035461,0
ct_w3_i4,3,evaluation,width3,256,512,0,independent_equal_full_fisher,1,11.0,0.04717179176056696,11,5632,0.675701608846887,45,0.04717179176056696,0.9692867231945397,0.9692867231945397,0.17943461981409847,0
ct_w3_i4,3,evaluation,width3,256,512,19,independent_equal_full_fisher,1,11.0,0.05360719136426795,11,5632,0.5678122612201161,40,0.05360719136426795,0.9530615618490336,0.9530615618490336,0.19912819356349282,0
ct_w3_i4,3,evaluation,width3,256,512,42,independent_equal_full_fisher,1,16.0,0.09705631326847275,16,8192,0.7002981222126515,46,0.09705631326847275,0.9055541827441203,0.9055541827441203,0.4326369750388048,0
ct_w3_i4,3,evaluation,width3,256,512,50,independent_equal_full_fisher,1,9.0,0.09726712516174274,9,4608,0.6940195630190501,46,0.09726712516174274,0.9138975064685622,0.9138975064685622,0.1958880217893602,0
ct_w3_i4,3,evaluation,width3,256,512,101,independent_equal_full_fisher,1,13.0,0.09803814876532257,13,6656,0.6939170355040444,46,0.09803814876532257,0.9097842050262774,0.9097842050262774,0.30173855720134507,0
ct_w3_i5,3,evaluation,problem_tree,256,512,0,independent_equal_full_fisher,1,12.0,0.06300894077282493,12,6144,0.14028826561862245,26,0.06300894077282493,0.94626326587011,0.94626326587011,0.056946794397034026,0
ct_w3_i5,3,evaluation,problem_tree,256,512,19,independent_equal_full_fisher,1,9.0,0.07720158771720698,9,4608,0.6121688166400789,29,0.07720158771720698,0.9435858106868024,0.9435858106868024,0.06814320966990184,0
ct_w3_i5,3,evaluation,problem_tree,256,512,42,independent_equal_full_fisher,1,16.0,0.08023744278176181,16,8192,0.6159007877785494,29,0.08023744278176181,0.9219947313798905,0.9219947313798905,0.12204614820509728,0
ct_w3_i5,3,evaluation,problem_tree,256,512,50,independent_equal_full_fisher,1,7.0,0.07636261929298627,7,3584,0.45425242238075614,27,0.07636261929298627,0.9334792499014523,0.9334792499014523,0.07337966695461705,0
ct_w3_i5,3,evaluation,problem_tree,256,512,101,independent_equal_full_fisher,1,11.0,0.08010805482031813,11,5632,0.5462342576618732,28,0.08010805482031813,0.9230982908799036,0.9230982908799036,0.15473845683330262,0
ct_w3_i5,3,evaluation,width3,64,128,0,independent_equal_full_fisher,1,19.0,0.003272805534603407,19,2432,0.4586997054407242,40,0.003272805534603407,0.9967490732490731,0.9967490732490731,0.00523064135698672,0
ct_w3_i5,3,evaluation,width3,64,128,19,independent_equal_full_fisher,1,19.0,0.08035846049676287,19,2432,0.37068721525900483,38,0.08035846049676287,0.9216315704348191,0.9216315704348191,0.36657338513343307,0
ct_w3_i5,3,evaluation,width3,64,128,42,independent_equal_full_fisher,1,21.0,0.022227921081972468,21,2688,0.36436017179318164,38,0.022227921081972468,0.9780003773461858,0.9780003773461858,0.08729090334386867,0
ct_w3_i5,3,evaluation,width3,64,128,50,independent_equal_full_fisher,1,16.0,0.09857201651490044,16,2048,0.27980718278169053,39,0.09857201651490044,0.907447587227248,0.907447587227248,0.31347891811387996,0
ct_w3_i5,3,evaluation,width3,64,128,101,independent_equal_full_fisher,0,,1.000161631378237,199,25472,0.29779398517538325,33,1.000161631378237,3.63077450224374e-25,0.6364235000670253,0.00028071594454496683,0
ct_w3_i5,3,evaluation,width3,256,512,0,independent_equal_full_fisher,1,15.0,0.05064367858892105,15,7680,0.6725899715123169,47,0.05064367858892105,0.9535047700076883,0.9535047700076883,0.19154769015679904,0
ct_w3_i5,3,evaluation,width3,256,512,19,independent_equal_full_fisher,1,16.0,0.07804158770786529,16,8192,0.7323645124354777,46,0.07804158770786529,0.9256950081938466,0.9256950081938466,0.3867597795602606,0
ct_w3_i5,3,evaluation,width3,256,512,42,independent_equal_full_fisher,1,12.0,0.06191746388239139,12,6144,0.7449731597137619,47,0.06191746388239139,0.9500843682758223,0.9500843682758223,0.21467769868191586,0
ct_w3_i5,3,evaluation,width3,256,512,50,independent_equal_full_fisher,1,12.0,0.09544242018683136,12,6144,0.6209366256206812,47,0.09544242018683136,0.9187914057458221,0.9187914057458221,0.35479603432265394,0
ct_w3_i5,3,evaluation,width3,256,512,101,independent_equal_full_fisher,0,,1.0000324657124366,199,101888,0.650274354168575,41,1.0000324657124366,2.285559719051082e-24,0.8059210559059484,4.527222666041937e-05,0
ct_w4_i1,4,calibration,problem_tree,256,512,0,independent_equal_full_fisher,1,11.0,0.01930922650845801,11,5632,0.5100196117364455,28,0.01930922650845801,0.9842326020492598,0.9842326020492598,0.018439692128368046,0
ct_w4_i1,4,calibration,problem_tree,256,512,19,independent_equal_full_fisher,0,,1.0000267825118225,199,101888,0.6952310813510444,28,1.0000267825118225,1.5831484114853158e-23,0.7635085931519333,3.0696955758268886e-05,0
ct_w4_i1,4,calibration,problem_tree,256,512,42,independent_equal_full_fisher,1,21.0,0.007761288158357971,21,10752,0.3791392263137523,28,0.007761288158357971,0.9961108476022478,0.9961108476022478,0.012749417478654374,0
ct_w4_i1,4,calibration,problem_tree,256,512,50,independent_equal_full_fisher,1,8.0,0.08686702687935366,8,4096,0.6102449907955709,30,0.08686702687935366,0.947102059563406,0.947102059563406,0.10712385460109564,0
ct_w4_i1,4,calibration,problem_tree,256,512,101,independent_equal_full_fisher,1,12.0,0.0710119064080974,12,6144,0.5875933770168509,27,0.0710119064080974,0.9548007245892731,0.9548007245892731,0.1117976770650375,0
ct_w4_i1,4,calibration,width3,64,128,0,independent_equal_full_fisher,1,10.0,0.06474085761348114,10,1280,0.35055067218249275,41,0.06474085761348114,0.9396679440907627,0.9396679440907627,0.1856426704665818,0
ct_w4_i1,4,calibration,width3,64,128,19,independent_equal_full_fisher,1,14.0,0.07064619283091744,14,1792,0.5323166225936629,42,0.07064619283091744,0.934735100168233,0.934735100168233,0.20948405899674874,0
ct_w4_i1,4,calibration,width3,64,128,42,independent_equal_full_fisher,1,30.0,0.053269826921491514,30,3840,0.23658886647190222,38,0.053269826921491514,0.9468069276834572,0.9468069276834572,0.12718752573091116,0
ct_w4_i1,4,calibration,width3,64,128,50,independent_equal_full_fisher,0,,1.0000019301086542,199,25472,0.25915376565446474,37,1.0000019301086542,5.787949496229627e-41,0.9999979524846193,4.771465157290373e-06,1
ct_w4_i1,4,calibration,width3,64,128,101,independent_equal_full_fisher,0,,1.0000115339670579,199,25472,0.30624918400645385,33,1.0000115339670579,8.251586249349481e-14,0.4874416363111804,2.676622381627674e-05,0
ct_w4_i1,4,calibration,width3,256,512,0,independent_equal_full_fisher,1,12.0,0.08133080633058398,12,6144,0.6592533030671757,47,0.08133080633058398,0.9217103355530222,0.9217103355530222,0.2665851739609185,0
ct_w4_i1,4,calibration,width3,256,512,19,independent_equal_full_fisher,1,14.0,0.09691222555975187,14,7168,0.7592110810215861,48,0.09691222555975187,0.9058675112679797,0.9058675112679797,0.3129533238657071,0
ct_w4_i1,4,calibration,width3,256,512,42,independent_equal_full_fisher,1,12.0,0.08463969205731203,12,6144,0.7856296908459687,46,0.08463969205731203,0.9226373309119796,0.9226373309119796,0.324379495065538,0
ct_w4_i1,4,calibration,width3,256,512,50,independent_equal_full_fisher,1,11.0,0.06946240433523165,11,5632,0.7799983147800709,48,0.06946240433523165,0.9326852560092997,0.9326852560092997,0.2505052463062615,0
ct_w4_i1,4,calibration,width3,256,512,101,independent_equal_full_fisher,1,14.0,0.04046860974364641,14,7168,0.4701750355005973,44,0.04046860974364641,0.9624141310748907,0.9624141310748907,0.11714154124564641,0
ct_w4_i2,4,evaluation,problem_tree,256,512,0,independent_equal_full_fisher,1,12.0,0.09344434173992333,12,6144,0.4910325135853108,28,0.09344434173992333,0.9147105712625831,0.9147105712625831,0.09529415044026027,0
ct_w4_i2,4,evaluation,problem_tree,256,512,19,independent_equal_full_fisher,1,15.0,0.046387742596772696,15,7680,0.5960924890905462,28,0.046387742596772696,0.9550502379212528,0.9550502379212528,0.06303171037264185,0
ct_w4_i2,4,evaluation,problem_tree,256,512,42,independent_equal_full_fisher,1,13.0,0.09224959765270313,13,6656,0.005858499136866061,23,0.09224959765270313,0.9110068431623021,0.9110068431623021,0.16430786424156504,0
ct_w4_i2,4,evaluation,problem_tree,256,512,50,independent_equal_full_fisher,1,8.0,0.058464447869813085,8,4096,0.42484411892302004,27,0.058464447869813085,0.9440511414294156,0.9440511414294156,0.04022319532912138,0
ct_w4_i2,4,evaluation,problem_tree,256,512,101,independent_equal_full_fisher,1,19.0,0.09539283546575028,19,9728,0.13831755688853475,29,0.09539283546575028,0.9047339818011019,0.9047339818011019,0.12433946761643848,0
ct_w4_i2,4,evaluation,width3,64,128,0,independent_equal_full_fisher,0,,1.000043570285575,199,25472,0.5137315169438519,46,1.000043570285575,4.823604392893268e-18,0.8669669933110984,7.075262868969189e-05,0
ct_w4_i2,4,evaluation,width3,64,128,19,independent_equal_full_fisher,0,,1.0003012044304551,199,25472,0.308939014555253,40,1.0003012044304551,4.3104613707619505e-39,0.6904925805154624,0.0009773724247826607,0
ct_w4_i2,4,evaluation,width3,64,128,42,independent_equal_full_fisher,1,14.0,0.09517805621484321,14,1792,0.49434891706152656,39,0.09517805621484321,0.913885726144074,0.913885726144074,0.3034713613422827,0
ct_w4_i2,4,evaluation,width3,64,128,50,independent_equal_full_fisher,0,,1.0000358178281221,199,25472,0.23562344051028558,38,1.0000358178281221,2.5424356503818374e-10,0.9999781358698011,6.306676993415545e-05,1
ct_w4_i2,4,evaluation,width3,64,128,101,independent_equal_full_fisher,0,,1.0000118219149936,199,25472,0.20194434428694505,37,1.0000118219149936,4.6856115293224816e-29,0.9950040148049273,1.3278024260406767e-05,1
ct_w4_i2,4,evaluation,width3,256,512,0,independent_equal_full_fisher,1,12.0,0.0439167651753678,12,6144,0.676093611043626,47,0.0439167651753678,0.9573444540249785,0.9573444540249785,0.053251895643430656,0
ct_w4_i2,4,evaluation,width3,256,512,19,independent_equal_full_fisher,0,,1.000115584304254,199,101888,0.606137289493245,47,1.000115584304254,1.4115210132909866e-08,0.4935530944939221,0.00029101202196969033,0
ct_w4_i2,4,evaluation,width3,256,512,42,independent_equal_full_fisher,1,16.0,0.06174375608749649,16,8192,0.6876852374608823,48,0.06174375608749649,0.9452002161255184,0.9452002161255184,0.0834181356312948,0
ct_w4_i2,4,evaluation,width3,256,512,50,independent_equal_full_fisher,0,,1.0000114476844306,199,101888,0.6896679644816798,47,1.0000114476844306,1.6143733872800822e-34,0.7668627163455068,2.00668386169805e-05,0
ct_w4_i2,4,evaluation,width3,256,512,101,independent_equal_full_fisher,1,17.0,0.07286978119743992,17,8704,0.591705192141769,47,0.07286978119743992,0.9304242140915147,0.9304242140915147,0.124435377678117,0
ct_w4_i3,4,evaluation,problem_tree,256,512,0,independent_equal_full_fisher,1,12.0,0.043019092012341886,12,6144,0.45485068818394087,28,0.043019092012341886,0.9584629190332287,0.9584629190332287,0.03503052985438355,0
ct_w4_i3,4,evaluation,problem_tree,256,512,19,independent_equal_full_fisher,1,12.0,0.07849531502660412,12,6144,0.7225256430485522,28,0.07849531502660412,0.9263158166872066,0.9263158166872066,0.0711434822447317,0
ct_w4_i3,4,evaluation,problem_tree,256,512,42,independent_equal_full_fisher,1,12.0,0.05425517956687642,12,6144,0.7256217904544046,30,0.05425517956687642,0.9489993345646478,0.9489993345646478,0.08076202415727442,0
ct_w4_i3,4,evaluation,problem_tree,256,512,50,independent_equal_full_fisher,1,12.0,0.09063823969729512,12,6144,0.4852130665921859,29,0.09063823969729512,0.9141697090541729,0.9141697090541729,0.13556262013008172,0
ct_w4_i3,4,evaluation,problem_tree,256,512,101,independent_equal_full_fisher,1,12.0,0.0723577495772183,12,6144,0.6882104414924317,30,0.0723577495772183,0.937291702979059,0.937291702979059,0.07666027120716915,0
ct_w4_i3,4,evaluation,width3,64,128,0,independent_equal_full_fisher,1,15.0,0.08137924369713723,15,1920,0.3903578484485777,36,0.08137924369713723,0.9194262543001369,0.9194262543001369,0.11015575406602776,0
ct_w4_i3,4,evaluation,width3,64,128,19,independent_equal_full_fisher,1,25.0,0.06749175464043411,25,3200,0.3927181292403776,37,0.06749175464043411,0.9388197841579216,0.9388197841579216,0.2857247304502815,0
ct_w4_i3,4,evaluation,width3,64,128,42,independent_equal_full_fisher,1,19.0,0.049786375337255606,19,2432,0.5776692546230998,43,0.049786375337255606,0.9563708751124318,0.9563708751124318,0.1271868711135413,0
ct_w4_i3,4,evaluation,width3,64,128,50,independent_equal_full_fisher,1,16.0,0.08124726374110836,16,2048,0.44034952609491546,37,0.08124726374110836,0.9259593764077722,0.9259593764077722,0.3502672587895588,0
ct_w4_i3,4,evaluation,width3,64,128,101,independent_equal_full_fisher,1,14.0,0.045846690197578255,14,1792,0.3318565261140926,32,0.045846690197578255,0.9547158694474727,0.9547158694474727,0.07807253016493185,0
ct_w4_i3,4,evaluation,width3,256,512,0,independent_equal_full_fisher,1,13.0,0.05084532341228254,13,6656,0.7423556413980891,44,0.05084532341228254,0.9530905836776732,0.9530905836776732,0.05651309699445619,0
ct_w4_i3,4,evaluation,width3,256,512,19,independent_equal_full_fisher,1,13.0,0.04580312290685029,13,6656,0.844067458419486,45,0.04580312290685029,0.9547841349514918,0.9547841349514918,0.06481429551682688,0
ct_w4_i3,4,evaluation,width3,256,512,42,independent_equal_full_fisher,1,13.0,0.05960893552794211,13,6656,0.8541991176083835,45,0.05960893552794211,0.9483049061480605,0.9483049061480605,0.1902412334019762,0
ct_w4_i3,4,evaluation,width3,256,512,50,independent_equal_full_fisher,1,11.0,0.055214791117107254,11,5632,0.7741717281389225,44,0.055214791117107254,0.9495882455634994,0.9495882455634994,0.13550521958964906,0
ct_w4_i3,4,evaluation,width3,256,512,101,independent_equal_full_fisher,1,16.0,0.05023408889767467,16,8192,0.7171966705936423,45,0.05023408889767467,0.9504307148425485,0.9504307148425485,0.1768499033638652,0
ct_w4_i4,4,evaluation,problem_tree,256,512,0,independent_equal_full_fisher,1,8.0,0.09196944872867974,8,4096,0.4385647759161331,24,0.09196944872867974,0.9116991554606481,0.9116991554606481,0.058036097131228474,0
ct_w4_i4,4,evaluation,problem_tree,256,512,19,independent_equal_full_fisher,1,10.0,0.04416605765329429,10,5120,0.4576828371624825,26,0.04416605765329429,0.9562453124848143,0.9562453124848143,0.06753606301218802,0
ct_w4_i4,4,evaluation,problem_tree,256,512,42,independent_equal_full_fisher,1,7.0,0.05429462875084212,7,3584,0.5399354513304844,25,0.05429462875084212,0.9494536158438809,0.9494536158438809,0.06476296020724662,0
ct_w4_i4,4,evaluation,problem_tree,256,512,50,independent_equal_full_fisher,1,8.0,0.0499822479133627,8,4096,0.5119103078224748,27,0.0499822479133627,0.9528635871262943,0.9528635871262943,0.02896895850571546,0
ct_w4_i4,4,evaluation,problem_tree,256,512,101,independent_equal_full_fisher,1,7.0,0.0665460122992787,7,3584,0.41749576984681136,23,0.0665460122992787,0.9393019395626343,0.9393019395626343,0.05484370990547819,0
ct_w4_i4,4,evaluation,width3,64,128,0,independent_equal_full_fisher,1,26.0,0.0038607360364899534,26,3328,0.3678464788581385,42,0.0038607360364899534,0.9963930250564984,0.9963930250564984,0.016404328169350432,0
ct_w4_i4,4,evaluation,width3,64,128,19,independent_equal_full_fisher,1,15.0,0.08987207802705655,15,1920,0.254126657160951,37,0.08987207802705655,0.910935558432889,0.910935558432889,0.1258980139131173,0
ct_w4_i4,4,evaluation,width3,64,128,42,independent_equal_full_fisher,0,,2.000012835232269,199,25472,0.3653904209050471,43,2.000012835232269,1.2041020203626565e-28,0.9998131276179929,1.9776247342738127e-05,1
ct_w4_i4,4,evaluation,width3,64,128,50,independent_equal_full_fisher,0,,1.0000157400052299,199,25472,0.3634787538385973,34,1.0000157400052299,2.856862982255251e-20,0.999987275015051,1.9730631667269227e-05,1
ct_w4_i4,4,evaluation,width3,64,128,101,independent_equal_full_fisher,0,,1.0000077831442695,199,25472,0.20830690897963305,36,1.0000077831442695,4.1267870535633705e-06,0.9999840481975997,2.509310102474407e-05,1
ct_w4_i4,4,evaluation,width3,256,512,0,independent_equal_full_fisher,1,16.0,0.04309060299704903,16,8192,0.7668499780896724,47,0.04309060299704903,0.9589454783556255,0.9589454783556255,0.08226773054223667,0
ct_w4_i4,4,evaluation,width3,256,512,19,independent_equal_full_fisher,1,15.0,0.07907004212217217,15,7680,0.7286058936392773,49,0.07907004212217217,0.9215344278652009,0.9215344278652009,0.2952277729240807,0
ct_w4_i4,4,evaluation,width3,256,512,42,independent_equal_full_fisher,1,9.0,0.06381307737452957,9,4608,0.6711964810026951,48,0.06381307737452957,0.9428333214558748,0.9428333214558748,0.08711581914044471,0
ct_w4_i4,4,evaluation,width3,256,512,50,independent_equal_full_fisher,1,15.0,0.04284570037388136,15,7680,0.5931995400667729,47,0.04284570037388136,0.9657554392094092,0.9657554392094092,0.11643089188491668,0
ct_w4_i4,4,evaluation,width3,256,512,101,independent_equal_full_fisher,1,11.0,0.08447762332507658,11,5632,0.5441266019279026,48,0.08447762332507658,0.9173595260036497,0.9173595260036497,0.2738373660826218,0
ct_w4_i5,4,evaluation,problem_tree,256,512,0,independent_equal_full_fisher,1,13.0,0.03972998729485511,13,6656,0.5114021004544732,28,0.03972998729485511,0.9685562864941821,0.9685562864941821,0.022956943442162786,0
ct_w4_i5,4,evaluation,problem_tree,256,512,19,independent_equal_full_fisher,0,,1.0000428157839547,199,101888,0.3675240596845668,28,1.0000428157839547,7.809777165004151e-15,0.5879048889716816,5.312193828491045e-05,0
ct_w4_i5,4,evaluation,problem_tree,256,512,42,independent_equal_full_fisher,1,13.0,0.06796557360672928,13,6656,0.4251114393542466,27,0.06796557360672928,0.944381576349497,0.944381576349497,0.07192580279994916,0
ct_w4_i5,4,evaluation,problem_tree,256,512,50,independent_equal_full_fisher,1,13.0,0.04518430598328571,13,6656,0.4112586113403254,29,0.04518430598328571,0.960858564543359,0.960858564543359,0.04751753865236146,0
ct_w4_i5,4,evaluation,problem_tree,256,512,101,independent_equal_full_fisher,1,19.0,0.03708811603971007,19,9728,0.5088700930532783,28,0.03708811603971007,0.9631656554929173,0.9631656554929173,0.06989673937670086,0
ct_w4_i5,4,evaluation,width3,64,128,0,independent_equal_full_fisher,1,17.0,0.050038955722607525,17,2176,0.2902541080649512,39,0.050038955722607525,0.9505480285344533,0.9505480285344533,0.05350478829076373,0
ct_w4_i5,4,evaluation,width3,64,128,19,independent_equal_full_fisher,0,,1.000106444033193,199,25472,0.3496651456272678,39,1.000106444033193,1.0693899616090626e-06,0.4176552539918749,0.0002033670443436734,0
ct_w4_i5,4,evaluation,width3,64,128,42,independent_equal_full_fisher,0,,1.0000788276337929,199,25472,0.3000762770426584,37,1.0000788276337929,2.871594288077646e-23,0.9999601928718805,0.00025270106313184803,1
ct_w4_i5,4,evaluation,width3,64,128,50,independent_equal_full_fisher,1,13.0,0.07043746133797768,13,1664,0.4868205654653743,41,0.07043746133797768,0.9336482845204676,0.9336482845204676,0.1176931896106583,0
ct_w4_i5,4,evaluation,width3,64,128,101,independent_equal_full_fisher,1,17.0,0.08961794052291339,17,2176,0.2781859969738827,36,0.08961794052291339,0.9121921937578794,0.9121921937578794,0.16306692933645384,0
ct_w4_i5,4,evaluation,width3,256,512,0,independent_equal_full_fisher,1,12.0,0.08275275055279252,12,6144,0.6724060263012354,47,0.08275275055279252,0.934071618161469,0.934071618161469,0.12278336031726395,0
ct_w4_i5,4,evaluation,width3,256,512,19,independent_equal_full_fisher,1,19.0,0.0642058400090928,19,9728,0.7306606213954261,46,0.0642058400090928,0.9361897587359576,0.9361897587359576,0.22290357174722558,0
ct_w4_i5,4,evaluation,width3,256,512,42,independent_equal_full_fisher,0,,1.0000517527588606,199,101888,0.6285855543902338,46,1.0000517527588606,2.2423588475192962e-11,0.5965931024816599,0.00014325042067323546,0
ct_w4_i5,4,evaluation,width3,256,512,50,independent_equal_full_fisher,1,17.0,0.03023358189148162,17,8704,0.7406069936377432,45,0.03023358189148162,0.9701239395706359,0.9701239395706359,0.06711441024276292,0
ct_w4_i5,4,evaluation,width3,256,512,101,independent_equal_full_fisher,1,10.0,0.09872973707217803,10,5120,0.6542536534079642,42,0.09872973707217803,0.9082368587269385,0.9082368587269385,0.12692729152653828,0
ct_w5_i1,5,calibration,problem_tree,256,512,0,independent_equal_full_fisher,0,,1.0001487796795328,199,101888,0.23489265430635084,25,1.0001487796795328,5.3693754092298965e-24,0.9723946110960199,0.0002558543122918998,1
ct_w5_i1,5,calibration,problem_tree,256,512,19,independent_equal_full_fisher,1,17.0,0.07796880727180167,17,8704,0.651465329041034,31,0.07796880727180167,0.9234204897999319,0.9234204897999319,0.34362144760876423,0
ct_w5_i1,5,calibration,problem_tree,256,512,42,independent_equal_full_fisher,1,11.0,0.06697467604578833,11,5632,0.682759104466733,29,0.06697467604578833,0.9560931688290558,0.9560931688290558,0.06025623181010471,0
ct_w5_i1,5,calibration,problem_tree,256,512,50,independent_equal_full_fisher,1,10.0,0.09613241488032997,10,5120,0.4234830555054345,29,0.09613241488032997,0.9304917462207208,0.9304917462207208,0.14441201718511945,0
ct_w5_i1,5,calibration,problem_tree,256,512,101,independent_equal_full_fisher,1,16.0,0.051736151524725216,16,8192,0.6892424011073525,28,0.051736151524725216,0.9569459192697414,0.9569459192697414,0.2004115561519563,0
ct_w5_i1,5,calibration,width3,64,128,0,independent_equal_full_fisher,0,,1.000003087441911,199,25472,0.46865992420781616,42,1.000003087441911,2.8538654911703674e-21,0.7326487454842643,5.614201399401005e-06,0
ct_w5_i1,5,calibration,width3,64,128,19,independent_equal_full_fisher,0,,1.0000077466808595,199,25472,0.5436774485906896,43,1.0000077466808595,3.952182186619512e-27,0.6459651369826308,1.6708043684035955e-05,0
ct_w5_i1,5,calibration,width3,64,128,42,independent_equal_full_fisher,1,21.0,0.04264295136903051,21,2688,0.29316320744426666,45,0.04264295136903051,0.9787477185495477,0.9787477185495477,0.14927538425546102,0
ct_w5_i1,5,calibration,width3,64,128,50,independent_equal_full_fisher,0,,1.0003545158029183,199,25472,0.22279727453766987,30,1.0003545158029183,8.511145183596982e-32,0.23501418111399114,0.0004032470655358714,0
ct_w5_i1,5,calibration,width3,64,128,101,independent_equal_full_fisher,0,,1.000272715102616,199,25472,0.24445784287637598,39,1.000272715102616,1.2642125882165612e-21,0.3934645280883575,0.0003785942976273878,0
ct_w5_i1,5,calibration,width3,256,512,0,independent_equal_full_fisher,1,22.0,0.09967482694764662,22,11264,0.7406671428653695,46,0.09967482694764662,0.9055219033268789,0.9055219033268789,0.5004324068065281,0
ct_w5_i1,5,calibration,width3,256,512,19,independent_equal_full_fisher,1,18.0,0.06914017721424948,18,9216,0.7843285846266408,47,0.06914017721424948,0.9611064453213566,0.9611064453213566,0.3026009249088008,0
ct_w5_i1,5,calibration,width3,256,512,42,independent_equal_full_fisher,0,,1.0001095472251986,199,101888,0.8652546751225216,48,1.0001095472251986,2.7046231798620117e-23,0.4246386469285132,0.00016081061655911938,0
ct_w5_i1,5,calibration,width3,256,512,50,independent_equal_full_fisher,0,,1.0000526832574685,199,101888,0.3375728417846256,42,1.0000526832574685,4.918278365073569e-37,0.6597254660872285,6.201178202881926e-05,0
ct_w5_i1,5,calibration,width3,256,512,101,independent_equal_full_fisher,1,16.0,0.09818697846161761,16,8192,0.4932600628012914,45,0.09818697846161761,0.93803921900851,0.93803921900851,0.14978998911057517,0
ct_w5_i2,5,evaluation,problem_tree,256,512,0,independent_equal_full_fisher,1,12.0,0.09499869325098942,12,6144,0.5053378808489903,30,0.09499869325098942,0.940248638041943,0.940248638041943,0.08015606940452025,0
ct_w5_i2,5,evaluation,problem_tree,256,512,19,independent_equal_full_fisher,1,9.0,0.07591538088338545,9,4608,0.5187051416634575,28,0.07591538088338545,0.9376514386669992,0.9376514386669992,0.08520114207483187,0
ct_w5_i2,5,evaluation,problem_tree,256,512,42,independent_equal_full_fisher,1,17.0,0.09648500446974495,17,8704,0.5084439880699132,27,0.09648500446974495,0.9041844244950643,0.9041844244950643,0.3019093450143671,0
ct_w5_i2,5,evaluation,problem_tree,256,512,50,independent_equal_full_fisher,0,,1.0000477117556876,199,101888,0.20538422790343674,26,1.0000477117556876,1.2976753766893147e-06,0.9999762729942989,5.07731966165041e-05,1
ct_w5_i2,5,evaluation,problem_tree,256,512,101,independent_equal_full_fisher,1,13.0,0.05115754106257775,13,6656,0.7109599486982724,29,0.05115754106257775,0.973151655229339,0.973151655229339,0.07299718626184701,0
ct_w5_i2,5,evaluation,width3,64,128,0,independent_equal_full_fisher,1,21.0,0.06452226760964308,21,2688,0.369933721621175,39,0.06452226760964308,0.9439206819224457,0.9439206819224457,0.32529385095922136,0
ct_w5_i2,5,evaluation,width3,64,128,19,independent_equal_full_fisher,0,,1.0000548732118002,199,25472,0.2843218618233098,37,1.0000548732118002,1.9215010292023481e-07,0.9999662871765391,0.00011611619444870967,1
ct_w5_i2,5,evaluation,width3,64,128,42,independent_equal_full_fisher,0,,1.0000472084106526,199,25472,0.23230793814693732,39,1.0000472084106526,1.3971326813844956e-36,0.9999756035807951,0.0001600417623464626,1
ct_w5_i2,5,evaluation,width3,64,128,50,independent_equal_full_fisher,1,16.0,0.06746431332092229,16,2048,0.4726840668778143,35,0.06746431332092229,0.9333149629147015,0.9333149629147015,0.14720316071079886,0
ct_w5_i2,5,evaluation,width3,64,128,101,independent_equal_full_fisher,0,,2.0000879660978157,199,25472,0.3844954362247154,40,2.0000879660978157,8.862247518624726e-33,0.9198410668005742,0.00023979155379318912,1
ct_w5_i2,5,evaluation,width3,256,512,0,independent_equal_full_fisher,1,17.0,0.09661026657220262,17,8704,0.5955709467969541,47,0.09661026657220262,0.9143092424927755,0.9143092424927755,0.15379826326912435,0
ct_w5_i2,5,evaluation,width3,256,512,19,independent_equal_full_fisher,0,,1.0000219633640697,199,101888,0.6388779934045311,47,1.0000219633640697,2.542144163461924e-27,0.6820387100705431,5.2467344832533246e-05,0
ct_w5_i2,5,evaluation,width3,256,512,42,independent_equal_full_fisher,0,,1.0001220109191031,199,101888,0.596630932071003,44,1.0001220109191031,2.1995691212910555e-27,0.9651184979781733,0.000285391222938242,1
ct_w5_i2,5,evaluation,width3,256,512,50,independent_equal_full_fisher,0,,1.0000066347374759,199,101888,0.6390714797062342,42,1.0000066347374759,4.5616408676180144e-29,0.9745400206992303,8.332812573059041e-06,1
ct_w5_i2,5,evaluation,width3,256,512,101,independent_equal_full_fisher,1,12.0,0.03234241926148229,12,6144,0.7542194937185094,45,0.03234241926148229,0.9700585560023812,0.9700585560023812,0.1701045337498644,0
ct_w5_i3,5,evaluation,problem_tree,256,512,0,independent_equal_full_fisher,1,10.0,0.08293482805248864,10,5120,0.5971136856651311,27,0.08293482805248864,0.9224510500114007,0.9224510500114007,0.08521249297111164,0
ct_w5_i3,5,evaluation,problem_tree,256,512,19,independent_equal_full_fisher,1,14.0,0.09883986546401324,14,7168,0.5871479989129555,28,0.09883986546401324,0.9109105377263996,0.9109105377263996,0.1171582034791968,0
ct_w5_i3,5,evaluation,problem_tree,256,512,42,independent_equal_full_fisher,1,13.0,0.07542816567713828,13,6656,0.5080498187637557,27,0.07542816567713828,0.9273609062428271,0.9273609062428271,0.09046346243276195,0
ct_w5_i3,5,evaluation,problem_tree,256,512,50,independent_equal_full_fisher,1,13.0,0.03953978347720977,13,6656,0.5115774003022374,27,0.03953978347720977,0.9705903495512018,0.9705903495512018,0.05300086128291437,0
ct_w5_i3,5,evaluation,problem_tree,256,512,101,independent_equal_full_fisher,1,13.0,0.048422924121849675,13,6656,0.5700821850471824,27,0.048422924121849675,0.9527585063985379,0.9527585063985379,0.061461612076742965,0
ct_w5_i3,5,evaluation,width3,64,128,0,independent_equal_full_fisher,1,16.0,0.03526774134078359,16,2048,0.571759088089501,40,0.03526774134078359,0.9694725024332785,0.9694725024332785,0.05853468181433581,0
ct_w5_i3,5,evaluation,width3,64,128,19,independent_equal_full_fisher,0,,1.0000648990197973,199,25472,0.32230583890091785,32,1.0000648990197973,1.2982759744012098e-33,0.5664776819569161,0.00019295605447800998,0
ct_w5_i3,5,evaluation,width3,64,128,42,independent_equal_full_fisher,0,,1.0002089934834757,199,25472,0.017986945328499194,39,1.0002089934834757,5.318738858633863e-35,0.5062413164263543,0.00031680322291599767,0
ct_w5_i3,5,evaluation,width3,64,128,50,independent_equal_full_fisher,0,,1.0000210958501832,199,25472,0.36285771134046746,42,1.0000210958501832,1.0399639010639292e-24,0.9044664466990165,2.389826975699716e-05,1
ct_w5_i3,5,evaluation,width3,64,128,101,independent_equal_full_fisher,0,,1.985075675453622,199,25472,0.47202106756812906,45,2.000114979031995,1.802743032708042e-24,0.8912347473027495,0.00014675094280291166,0
ct_w5_i3,5,evaluation,width3,256,512,0,independent_equal_full_fisher,1,14.0,0.026662119759135905,14,7168,0.8089436572339598,47,0.026662119759135905,0.9748692663112476,0.9748692663112476,0.08051221104434611,0
ct_w5_i3,5,evaluation,width3,256,512,19,independent_equal_full_fisher,0,,1.0007985333075542,199,101888,0.7672776079058602,47,1.0007985333075542,3.9379856953069196e-23,0.20743391788595436,0.000887932557730068,0
ct_w5_i3,5,evaluation,width3,256,512,42,independent_equal_full_fisher,1,14.0,0.04454238339803851,14,7168,0.7196393601576796,46,0.04454238339803851,0.9592833647442318,0.9592833647442318,0.10832629141440218,0
ct_w5_i3,5,evaluation,width3,256,512,50,independent_equal_full_fisher,1,25.0,0.0901350302045536,25,12800,0.7525429388419081,45,0.0901350302045536,0.9225363186551149,0.9225363186551149,0.275499656625376,0
ct_w5_i3,5,evaluation,width3,256,512,101,independent_equal_full_fisher,1,11.0,0.06109019248151881,11,5632,0.7601748525734647,46,0.06109019248151881,0.961361478990503,0.961361478990503,0.08864536624828445,0
ct_w5_i4,5,evaluation,problem_tree,256,512,0,independent_equal_full_fisher,1,8.0,0.09893340425887587,8,4096,0.6114234268099034,27,0.09893340425887587,0.9209154508845183,0.9209154508845183,0.1197265505120437,0
ct_w5_i4,5,evaluation,problem_tree,256,512,19,independent_equal_full_fisher,1,16.0,0.07152470535864097,16,8192,0.6549126108377326,28,0.07152470535864097,0.9318836171354665,0.9318836171354665,0.16886639661802558,0
ct_w5_i4,5,evaluation,problem_tree,256,512,42,independent_equal_full_fisher,1,14.0,0.04309910673438999,14,7168,0.5315189606077414,30,0.04309910673438999,0.9612466987560926,0.9612466987560926,0.04617804053448615,0
ct_w5_i4,5,evaluation,problem_tree,256,512,50,independent_equal_full_fisher,1,11.0,0.08061774094742802,11,5632,0.19563237827500268,26,0.08061774094742802,0.9370226885161204,0.9370226885161204,0.07419177175068593,0
ct_w5_i4,5,evaluation,problem_tree,256,512,101,independent_equal_full_fisher,1,13.0,0.05047914913935436,13,6656,0.15782937470220137,27,0.05047914913935436,0.9524715986503001,0.9524715986503001,0.09069506008047408,0
ct_w5_i4,5,evaluation,width3,64,128,0,independent_equal_full_fisher,1,17.0,0.05930675355842041,17,2176,0.2558061226163365,25,0.05930675355842041,0.9409510390976074,0.9409510390976074,0.10457554118820966,0
ct_w5_i4,5,evaluation,width3,64,128,19,independent_equal_full_fisher,0,,1.0000266493112697,199,25472,0.4112446825214768,37,1.0000266493112697,1.933333901484305e-23,0.4019809619653484,4.0439372986470855e-05,0
ct_w5_i4,5,evaluation,width3,64,128,42,independent_equal_full_fisher,0,,1.0000231300205957,199,25472,0.4880913236668857,46,1.0000231300205957,1.8072973709714155e-30,0.9999751924216791,6.265099021588672e-05,1
ct_w5_i4,5,evaluation,width3,64,128,50,independent_equal_full_fisher,1,13.0,0.05154482003031369,13,1664,0.25615503225331837,39,0.05154482003031369,0.9544437875170406,0.9544437875170406,0.12586480435401107,0
ct_w5_i4,5,evaluation,width3,64,128,101,independent_equal_full_fisher,1,17.0,0.059911362144354996,17,2176,0.26616617736667836,35,0.059911362144354996,0.9529288036791194,0.9529288036791194,0.0824187419064897,0
ct_w5_i4,5,evaluation,width3,256,512,0,independent_equal_full_fisher,1,11.0,0.059273042364154094,11,5632,0.753501038496394,48,0.059273042364154094,0.9430918155314776,0.9430918155314776,0.13816497831503402,0
ct_w5_i4,5,evaluation,width3,256,512,19,independent_equal_full_fisher,0,,1.0001485077587855,199,101888,0.7345108518234456,48,1.0001485077587855,5.656888472285696e-15,0.37934951503162,0.0002525899344404591,0
ct_w5_i4,5,evaluation,width3,256,512,42,independent_equal_full_fisher,1,25.0,0.07436736606922345,25,12800,0.6794442849706782,48,0.07436736606922345,0.931016917852632,0.931016917852632,0.21422450573555027,0
ct_w5_i4,5,evaluation,width3,256,512,50,independent_equal_full_fisher,1,21.0,0.07773751950677621,21,10752,0.7272585661446926,48,0.07773751950677621,0.9231975870604608,0.9231975870604608,0.46422628636910945,0
ct_w5_i4,5,evaluation,width3,256,512,101,independent_equal_full_fisher,1,13.0,0.07855662943785191,13,6656,0.5490221442814431,46,0.07855662943785191,0.9495194074497221,0.9495194074497221,0.18814659461940103,0
ct_w5_i5,5,evaluation,problem_tree,256,512,0,independent_equal_full_fisher,1,11.0,0.07116500935571857,11,5632,0.6173775459663056,29,0.07116500935571857,0.9346096341487811,0.9346096341487811,0.0878032466670268,0
ct_w5_i5,5,evaluation,problem_tree,256,512,19,independent_equal_full_fisher,1,18.0,0.04773275772284258,18,9216,0.720477210255239,29,0.04773275772284258,0.9526317993640363,0.9526317993640363,0.05091674075115074,0
ct_w5_i5,5,evaluation,problem_tree,256,512,42,independent_equal_full_fisher,1,23.0,0.027282305263753415,23,11776,0.5128619907596138,31,0.027282305263753415,0.9776025988412202,0.9776025988412202,0.03214797933181677,0
ct_w5_i5,5,evaluation,problem_tree,256,512,50,independent_equal_full_fisher,1,12.0,0.04666717461528336,12,6144,0.6593685720912756,28,0.04666717461528336,0.9563348690393018,0.9563348690393018,0.03826644047683681,0
ct_w5_i5,5,evaluation,problem_tree,256,512,101,independent_equal_full_fisher,1,10.0,0.07098781818445232,10,5120,0.6413571020585418,30,0.07098781818445232,0.9348466525192666,0.9348466525192666,0.0659275574503948,0
ct_w5_i5,5,evaluation,width3,64,128,0,independent_equal_full_fisher,1,17.0,0.06395044441934772,17,2176,0.21264630565356646,39,0.06395044441934772,0.9376356306813228,0.9376356306813228,0.17510958205264274,0
ct_w5_i5,5,evaluation,width3,64,128,19,independent_equal_full_fisher,0,,1.0000194931169677,199,25472,0.42151265965201573,44,1.0000194931169677,4.118260517297238e-40,0.9999851380070154,3.6068496310872426e-05,1
ct_w5_i5,5,evaluation,width3,64,128,42,independent_equal_full_fisher,0,,1.0001480881073679,199,25472,0.4604127126243975,36,1.0001480881073679,3.864219245352153e-18,0.2836770216701764,0.00017345996862538625,0
ct_w5_i5,5,evaluation,width3,64,128,50,independent_equal_full_fisher,1,23.0,0.015725972262146115,23,2944,0.27530970188700865,36,0.015725972262146115,0.9873672778008485,0.9873672778008485,0.04756832206598588,0
ct_w5_i5,5,evaluation,width3,64,128,101,independent_equal_full_fisher,1,18.0,0.06856470246451174,18,2304,0.1987784653048502,34,0.06856470246451174,0.950230149284745,0.950230149284745,0.06907781655891666,0
ct_w5_i5,5,evaluation,width3,256,512,0,independent_equal_full_fisher,1,13.0,0.07949308562865909,13,6656,0.7459117324741914,46,0.07949308562865909,0.936497999334932,0.936497999334932,0.29665204061743766,0
ct_w5_i5,5,evaluation,width3,256,512,19,independent_equal_full_fisher,0,,1.0003931706056193,199,101888,0.7842852566723061,45,1.0004335400110662,9.969170061776007e-26,0.4490377729240255,0.0010663951796961771,0
ct_w5_i5,5,evaluation,width3,256,512,42,independent_equal_full_fisher,1,16.0,0.05971092475176576,16,8192,0.631158722683972,44,0.05971092475176576,0.9437938128081708,0.9437938128081708,0.21246847804863522,0
ct_w5_i5,5,evaluation,width3,256,512,50,independent_equal_full_fisher,1,19.0,0.03317918431094746,19,9728,0.7403314958938884,46,0.03317918431094746,0.9673321503701161,0.9673321503701161,0.1759805138617342,0
ct_w5_i5,5,evaluation,width3,256,512,101,independent_equal_full_fisher,1,18.0,0.043189684453414756,18,9216,0.4626550966308361,46,0.043189684453414756,0.9584413324229384,0.9584413324229384,0.13371104732329803,0
ct_w6_i1,6,calibration,problem_tree,256,512,0,independent_equal_full_fisher,1,12.0,0.04556423323622916,12,6144,0.46434428013885803,29,0.04556423323622916,0.9754258504660188,0.9754258504660188,0.03461540550570718,0
ct_w6_i1,6,calibration,problem_tree,256,512,19,independent_equal_full_fisher,1,17.0,0.04048078303294034,17,8704,0.6495847729749654,31,0.04048078303294034,0.9797004575807179,0.9797004575807179,0.06730525652734233,0
ct_w6_i1,6,calibration,problem_tree,256,512,42,independent_equal_full_fisher,0,,1.0000147610349632,199,101888,0.623142411907433,29,1.0000147610349632,3.921546636003648e-16,0.5512141750169584,1.3247977882877108e-05,0
ct_w6_i1,6,calibration,problem_tree,256,512,50,independent_equal_full_fisher,1,13.0,0.06479183797991617,13,6656,0.4848688940720941,30,0.06479183797991617,0.9640519069567869,0.9640519069567869,0.043624131744102845,0
ct_w6_i1,6,calibration,problem_tree,256,512,101,independent_equal_full_fisher,1,11.0,0.04535809583154915,11,5632,0.522278224157456,29,0.04535809583154915,0.9780503662555767,0.9780503662555767,0.04078385027738316,0
ct_w6_i1,6,calibration,width3,64,128,0,independent_equal_full_fisher,1,17.0,0.050837815612156945,17,2176,0.2346693402584407,38,0.050837815612156945,0.9502844546542246,0.9502844546542246,0.050030019688731144,0
ct_w6_i1,6,calibration,width3,64,128,19,independent_equal_full_fisher,1,19.0,0.09711614683678427,19,2432,0.3136843110101591,40,0.09711614683678427,0.9403429561003405,0.9403429561003405,0.2038458981860404,0
ct_w6_i1,6,calibration,width3,64,128,42,independent_equal_full_fisher,1,17.0,0.025953889997095914,17,2176,0.21279706863814965,39,0.025953889997095914,0.9744776916911906,0.9744776916911906,0.12815786322160214,0
ct_w6_i1,6,calibration,width3,64,128,50,independent_equal_full_fisher,1,23.0,0.06562825749317902,23,2944,0.1659947447640296,39,0.06562825749317902,0.9492075815597507,0.9492075815597507,0.14793218368105981,0
ct_w6_i1,6,calibration,width3,64,128,101,independent_equal_full_fisher,1,16.0,0.05247613140698526,16,2048,0.4075939519789744,45,0.05247613140698526,0.9563521616408328,0.9563521616408328,0.08686288067442348,0
ct_w6_i1,6,calibration,width3,256,512,0,independent_equal_full_fisher,1,16.0,0.08213649387313815,16,8192,0.597786310508501,46,0.08213649387313815,0.9418323921371947,0.9418323921371947,0.1324648257752765,0
ct_w6_i1,6,calibration,width3,256,512,19,independent_equal_full_fisher,1,20.0,0.048470993310093746,20,10240,0.7275315980662175,48,0.048470993310093746,0.96323752983424,0.96323752983424,0.152083395258955,0
ct_w6_i1,6,calibration,width3,256,512,42,independent_equal_full_fisher,1,13.0,0.07473185306380081,13,6656,0.8079070183375135,48,0.07473185306380081,0.9577700657976864,0.9577700657976864,0.16729655664720372,0
ct_w6_i1,6,calibration,width3,256,512,50,independent_equal_full_fisher,1,15.0,0.05205277289375232,15,7680,0.722205883561058,47,0.05205277289375232,0.9496294168842673,0.9496294168842673,0.1866145233062162,0
ct_w6_i1,6,calibration,width3,256,512,101,independent_equal_full_fisher,1,16.0,0.06287193139662328,16,8192,0.7940826915097259,48,0.06287193139662328,0.9375346810214341,0.9375346810214341,0.13949676562194596,0
ct_w6_i2,6,evaluation,problem_tree,256,512,0,independent_equal_full_fisher,1,12.0,0.05079315662870165,12,6144,0.2727282920937166,28,0.05079315662870165,0.9540388756409628,0.9540388756409628,0.026621976784563003,0
ct_w6_i2,6,evaluation,problem_tree,256,512,19,independent_equal_full_fisher,1,9.0,0.06755507838189168,9,4608,0.6426376567445775,29,0.06755507838189168,0.9435113698114138,0.9435113698114138,0.06709372665776404,0
ct_w6_i2,6,evaluation,problem_tree,256,512,42,independent_equal_full_fisher,1,15.0,0.054592659346031525,15,7680,0.2392925169309647,25,0.054592659346031525,0.9484486153034333,0.9484486153034333,0.045042191714447115,0
ct_w6_i2,6,evaluation,problem_tree,256,512,50,independent_equal_full_fisher,1,10.0,0.08745076249084427,10,5120,0.5873302782751129,28,0.08745076249084427,0.9216061690856677,0.9216061690856677,0.053285746283088235,0
ct_w6_i2,6,evaluation,problem_tree,256,512,101,independent_equal_full_fisher,1,9.0,0.09852133250335093,9,4608,0.4103857974571326,27,0.09852133250335093,0.9042624608981485,0.9042624608981485,0.0736945561913608,0
ct_w6_i2,6,evaluation,width3,64,128,0,independent_equal_full_fisher,1,16.0,0.049155429848884324,16,2048,0.4177695100359278,28,0.049155429848884324,0.9618940848898899,0.9618940848898899,0.13284881890595918,0
ct_w6_i2,6,evaluation,width3,64,128,19,independent_equal_full_fisher,0,,2.000007673353105,199,25472,0.054784089211769985,29,2.000007673353105,1.742147830408778e-34,0.9999952473623646,1.0953810215342217e-05,1
ct_w6_i2,6,evaluation,width3,64,128,42,independent_equal_full_fisher,1,18.0,0.07480827727572148,18,2304,0.5663302875272945,38,0.07480827727572148,0.9385213212138168,0.9385213212138168,0.13929656235008336,0
ct_w6_i2,6,evaluation,width3,64,128,50,independent_equal_full_fisher,1,25.0,0.04426059133718141,25,3200,0.36012630133708845,40,0.04426059133718141,0.9563484222961262,0.9563484222961262,0.0683837445525804,0
ct_w6_i2,6,evaluation,width3,64,128,101,independent_equal_full_fisher,0,,1.0000666910571674,199,25472,0.22119937785410554,36,1.0000666910571674,2.085455237229492e-10,0.877833270311841,6.731512909008835e-05,0
ct_w6_i2,6,evaluation,width3,256,512,0,independent_equal_full_fisher,1,11.0,0.08115705906826598,11,5632,0.5218322923506475,44,0.08115705906826598,0.9219797707795789,0.9219797707795789,0.1377117751496695,0
ct_w6_i2,6,evaluation,width3,256,512,19,independent_equal_full_fisher,1,19.0,0.06054462031282348,19,9728,0.39151040664230646,43,0.06054462031282348,0.9395248709066056,0.9395248709066056,0.14154206284129742,0
ct_w6_i2,6,evaluation,width3,256,512,42,independent_equal_full_fisher,1,13.0,0.0934875240898414,13,6656,0.7480676298084927,46,0.0934875240898414,0.936577488585549,0.936577488585549,0.26234142768926944,0
ct_w6_i2,6,evaluation,width3,256,512,50,independent_equal_full_fisher,1,15.0,0.08682363048502673,15,7680,0.6957894301363161,47,0.08682363048502673,0.93144177141628,0.93144177141628,0.2598307119880298,0
ct_w6_i2,6,evaluation,width3,256,512,101,independent_equal_full_fisher,1,11.0,0.09766860528590726,11,5632,0.5394960118365942,44,0.09766860528590726,0.9064577268358336,0.9064577268358336,0.05860517996944246,0
ct_w6_i3,6,evaluation,problem_tree,256,512,0,independent_equal_full_fisher,1,14.0,0.035926948954161375,14,7168,0.5685996721250258,29,0.035926948954161375,0.965384688196832,0.965384688196832,0.08527341872375219,0
ct_w6_i3,6,evaluation,problem_tree,256,512,19,independent_equal_full_fisher,1,9.0,0.09518676149190419,9,4608,0.7332693719013734,31,0.09518676149190419,0.9114753541521116,0.9114753541521116,0.13914615578778988,0
ct_w6_i3,6,evaluation,problem_tree,256,512,42,independent_equal_full_fisher,1,12.0,0.08040306554278054,12,6144,0.8048582861339801,31,0.08040306554278054,0.9322338842609439,0.9322338842609439,0.11191108892132706,0
ct_w6_i3,6,evaluation,problem_tree,256,512,50,independent_equal_full_fisher,1,11.0,0.05115142909007275,11,5632,0.7550233667725758,29,0.05115142909007275,0.974335325081136,0.974335325081136,0.06298812019434889,0
ct_w6_i3,6,evaluation,problem_tree,256,512,101,independent_equal_full_fisher,1,17.0,0.051783941019250435,17,8704,0.6089970416721979,31,0.051783941019250435,0.9601110007245557,0.9601110007245557,0.05426837650271885,0
ct_w6_i3,6,evaluation,width3,64,128,0,independent_equal_full_fisher,1,22.0,0.058272216912889974,22,2816,0.3796984960370656,31,0.058272216912889974,0.942164141216167,0.942164141216167,0.17919633917288855,0
ct_w6_i3,6,evaluation,width3,64,128,19,independent_equal_full_fisher,0,,1.000120139693136,199,25472,0.4519156365248896,36,1.000120139693136,7.222197243060437e-41,0.9998387958118057,0.0002518811853540417,1
ct_w6_i3,6,evaluation,width3,64,128,42,independent_equal_full_fisher,0,,1.000134889526592,199,25472,0.24165970869089384,41,1.000134889526592,1.2872932416950869e-25,0.9998694212440107,0.00032300723635773335,1
ct_w6_i3,6,evaluation,width3,64,128,50,independent_equal_full_fisher,1,15.0,0.07052505182221402,15,1920,0.44222810313423694,40,0.07052505182221402,0.941783637088189,0.941783637088189,0.18301501823011365,0
ct_w6_i3,6,evaluation,width3,64,128,101,independent_equal_full_fisher,0,,1.0003986213316303,199,25472,0.43135238361700823,36,1.0003986213316303,2.195018330387177e-45,0.7739133390557001,0.0007167884124818436,0
ct_w6_i3,6,evaluation,width3,256,512,0,independent_equal_full_fisher,1,24.0,0.07894297117201532,24,12288,0.6689742525586976,44,0.07894297117201532,0.9329681965426541,0.9329681965426541,0.27418615572571087,0
ct_w6_i3,6,evaluation,width3,256,512,19,independent_equal_full_fisher,0,,1.0000839563877797,199,101888,0.7015066455586303,46,1.0000839563877797,2.00479075452544e-18,0.5057507291243789,0.00021607009891133673,0
ct_w6_i3,6,evaluation,width3,256,512,42,independent_equal_full_fisher,1,20.0,0.08784827047785093,20,10240,0.8403797728588396,47,0.08784827047785093,0.9251708210338373,0.9251708210338373,0.4881298048172034,0
ct_w6_i3,6,evaluation,width3,256,512,50,independent_equal_full_fisher,0,,1.0000063540653255,199,101888,0.77803156471175,47,1.0000063540653255,2.5283681512673803e-10,0.6118369312121367,1.8920252195185852e-05,0
ct_w6_i3,6,evaluation,width3,256,512,101,independent_equal_full_fisher,0,,1.00005344136361,199,101888,0.6175312021228238,46,1.00005344136361,8.967442304131862e-28,0.7388459015192979,0.00016911687117275953,0
ct_w6_i4,6,evaluation,problem_tree,256,512,0,independent_equal_full_fisher,1,11.0,0.03855918096269484,11,5632,0.6507516385993262,29,0.03855918096269484,0.9651267993693848,0.9651267993693848,0.021200832613571526,0
ct_w6_i4,6,evaluation,problem_tree,256,512,19,independent_equal_full_fisher,1,14.0,0.09678496326944952,14,7168,0.519746250510473,29,0.09678496326944952,0.9043852090275041,0.9043852090275041,0.2651529955745032,0
ct_w6_i4,6,evaluation,problem_tree,256,512,42,independent_equal_full_fisher,1,14.0,0.06857727365589383,14,7168,0.5148008804237834,28,0.06857727365589383,0.9320408232193473,0.9320408232193473,0.09637217615177313,0
ct_w6_i4,6,evaluation,problem_tree,256,512,50,independent_equal_full_fisher,1,11.0,0.06141526460160307,11,5632,0.5142147896474899,28,0.06141526460160307,0.9421595382861953,0.9421595382861953,0.03364465815122948,0
ct_w6_i4,6,evaluation,problem_tree,256,512,101,independent_equal_full_fisher,1,14.0,0.051089275954781854,14,7168,0.829154963838738,30,0.051089275954781854,0.9520280096334138,0.9520280096334138,0.04501769091076952,0
ct_w6_i4,6,evaluation,width3,64,128,0,independent_equal_full_fisher,1,15.0,0.04334205766673627,15,1920,0.04642193077663011,28,0.04334205766673627,0.9571643895380868,0.9571643895380868,0.03973503822100624,0
ct_w6_i4,6,evaluation,width3,64,128,19,independent_equal_full_fisher,0,,2.0000805469740257,199,25472,0.4028081119792382,36,2.0000805469740257,1.7928070447141225e-36,0.9999360884253091,0.00010178747862354887,1
ct_w6_i4,6,evaluation,width3,64,128,42,independent_equal_full_fisher,0,,1.000054933914969,199,25472,0.29905838123383593,37,1.000054933914969,7.085132545466516e-18,0.9999499659355521,5.124433435622002e-05,1
ct_w6_i4,6,evaluation,width3,64,128,50,independent_equal_full_fisher,1,17.0,0.09595952517005202,17,2176,0.2965411966064117,36,0.09595952517005202,0.9102157249406214,0.9102157249406214,0.2934674596322874,0
ct_w6_i4,6,evaluation,width3,64,128,101,independent_equal_full_fisher,1,15.0,0.05899138555999528,15,1920,0.2537707893321462,39,0.05899138555999528,0.9620903909607765,0.9620903909607765,0.14358444828664385,0
ct_w6_i4,6,evaluation,width3,256,512,0,independent_equal_full_fisher,1,11.0,0.09865248816366368,11,5632,0.28181033754694323,44,0.09865248816366368,0.9137085885840235,0.9137085885840235,0.05707455693430935,0
ct_w6_i4,6,evaluation,width3,256,512,19,independent_equal_full_fisher,1,18.0,0.08732541517173154,18,9216,0.7825324680704114,48,0.08732541517173154,0.9134611025025778,0.9134611025025778,0.38079065715052735,0
ct_w6_i4,6,evaluation,width3,256,512,42,independent_equal_full_fisher,1,11.0,0.09904276525142564,11,5632,0.6934130967465725,46,0.09904276525142564,0.9160645914994611,0.9160645914994611,0.14854821185581304,0
ct_w6_i4,6,evaluation,width3,256,512,50,independent_equal_full_fisher,1,13.0,0.08123442597200992,13,6656,0.8435334613235322,44,0.08123442597200992,0.9265040999814045,0.9265040999814045,0.08713062248747391,0
ct_w6_i4,6,evaluation,width3,256,512,101,independent_equal_full_fisher,1,18.0,0.036645582597424564,18,9216,0.7710849075357705,47,0.036645582597424564,0.9654286623793099,0.9654286623793099,0.06609616348989417,0
ct_w6_i5,6,evaluation,problem_tree,256,512,0,independent_equal_full_fisher,1,19.0,0.08227204896792806,19,9728,0.7386304459682174,27,0.08227204896792806,0.9191519650185789,0.9191519650185789,0.07833727804947081,0
ct_w6_i5,6,evaluation,problem_tree,256,512,19,independent_equal_full_fisher,1,11.0,0.08152190085639788,11,5632,0.4708226872523155,29,0.08152190085639788,0.9312625610286599,0.9312625610286599,0.049210072332948496,0
ct_w6_i5,6,evaluation,problem_tree,256,512,42,independent_equal_full_fisher,1,9.0,0.06293463177522263,9,4608,0.39953824225080736,29,0.06293463177522263,0.9420084179975231,0.9420084179975231,0.051414268484669734,0
ct_w6_i5,6,evaluation,problem_tree,256,512,50,independent_equal_full_fisher,1,9.0,0.05798526038033991,9,4608,0.5949809483274945,27,0.05798526038033991,0.9565507742429857,0.9565507742429857,0.04757238279984494,0
ct_w6_i5,6,evaluation,problem_tree,256,512,101,independent_equal_full_fisher,1,15.0,0.08387050408691188,15,7680,0.3425573799557217,27,0.08387050408691188,0.9195961641813647,0.9195961641813647,0.11559591493295561,0
ct_w6_i5,6,evaluation,width3,64,128,0,independent_equal_full_fisher,0,,1.0000031781522747,199,25472,0.6343801026264078,42,1.0000031781522747,3.333887259478185e-24,0.8304121092440221,4.929240023806252e-06,0
ct_w6_i5,6,evaluation,width3,64,128,19,independent_equal_full_fisher,0,,2.0000005200304702,199,25472,0.14202627664630907,36,2.0000005200304702,3.3950617480438598e-28,0.6462207185673424,6.647085799641971e-07,0
ct_w6_i5,6,evaluation,width3,64,128,42,independent_equal_full_fisher,0,,1.0000337814822995,199,25472,0.3832332007241195,41,1.0000337814822995,7.196946164053773e-32,0.8796317642293476,8.548146737138364e-05,0
ct_w6_i5,6,evaluation,width3,64,128,50,independent_equal_full_fisher,0,,1.000279224348965,199,25472,0.20384637686004814,43,1.000279224348965,1.863713949514082e-22,0.8372652602239755,0.0005916423583816429,0
ct_w6_i5,6,evaluation,width3,64,128,101,independent_equal_full_fisher,1,13.0,0.0914655234730315,13,1664,0.3994230517994995,39,0.0914655234730315,0.932704383944194,0.932704383944194,0.33625344316931627,0
ct_w6_i5,6,evaluation,width3,256,512,0,independent_equal_full_fisher,1,12.0,0.08666311394088844,12,6144,0.8741698014250139,46,0.08666311394088844,0.9387549683614042,0.9387549683614042,0.265704085315689,0
ct_w6_i5,6,evaluation,width3,256,512,19,independent_equal_full_fisher,1,16.0,0.05155668852465212,16,8192,0.5933176416781658,43,0.05155668852465212,0.9514477241932349,0.9514477241932349,0.10373862756427606,0
ct_w6_i5,6,evaluation,width3,256,512,42,independent_equal_full_fisher,1,10.0,0.06652542507834625,10,5120,0.8722631869026318,45,0.06652542507834625,0.9428473135055719,0.9428473135055719,0.15576599004597264,0
ct_w6_i5,6,evaluation,width3,256,512,50,independent_equal_full_fisher,0,,1.0000061366707822,199,101888,0.4893276839743675,42,1.0000061366707822,3.3575615864190607e-25,0.6941411573446395,6.117600642007467e-06,0
ct_w6_i5,6,evaluation,width3,256,512,101,independent_equal_full_fisher,1,21.0,0.08735248618669722,21,10752,0.7302656517502426,46,0.08735248618669722,0.9142893369603312,0.9142893369603312,0.3643269369152022,0
