instance_id,instance_width,graph,compiled_graph_width,edge_count,target_edge_count,pair_weight_fraction,target_norm_fraction,elimination_order,elimination_degrees,edges,energy_at_projected_target,cost_variance,explained_variance_fraction,projected_identity_relative_residual,exact_ng_projected_target_cosine,parameter_dimension,conditional_angle_entries,gray_code_cnot_upper_bound
ct_w3_i1,3,chain,1,15,2,0.0392156862745098,0.7277777777777777,0 1 2 3 4 5 6 7 8 9 10 11 12 13 14 15,1 1 1 1 1 1 1 1 1 1 1 1 1 1 1 0,0-1;1-2;2-3;3-4;4-5;5-6;6-7;7-8;8-9;9-10;10-11;11-12;12-13;13-14;14-15,-3.263595845519037,3.625794705518477,0.7911592125602631,2.0435074603804373,-0.8862264025028002,31,31,30
ct_w3_i1,3,problem_tree,1,15,15,0.6470588235294118,0.9,4 6 3 8 5 9 10 0 12 7 13 14 1 11 2 15,1 1 1 1 1 1 1 1 1 1 1 1 1 1 1 0,0-10;0-11;1-11;1-13;1-14;2-7;2-9;2-11;2-15;3-6;3-11;4-7;5-8;5-12;7-12,-8.279439180449607,4.2060079226085385,0.7413723397050112,0.8558198394696357,0.9045093664367364,31,31,30
ct_w3_i1,3,width2,2,29,29,0.9215686274509804,0.9777777777777776,0 4 6 3 8 5 7 10 12 13 1 14 9 2 11 15,2 2 2 2 2 2 2 2 2 2 2 2 2 2 1 0,0-10;0-11;1-11;1-13;1-14;2-7;2-9;2-10;2-11;2-12;2-15;3-6;3-9;3-11;4-7;4-12;5-7;5-8;5-12;6-11;7-12;8-12;9-11;9-12;9-14;10-11;11-14;11-15;13-14,-9.013906365250524,2.838815159743324,0.8539334417357081,0.6543269083303311,0.9863463493264852,45,59,58
ct_w3_i1,3,width3,3,33,33,1.0,1.0,0 4 6 3 8 5 15 1 13 14 7 9 2 10 11 12,2 2 2 2 2 2 2 3 3 3 3 3 3 2 1 0,0-10;0-11;1-11;1-13;1-14;2-7;2-9;2-10;2-11;2-12;2-13;2-14;2-15;3-6;3-9;3-11;4-7;4-12;5-7;5-8;5-12;6-11;7-10;7-12;8-12;9-11;9-12;9-14;10-11;11-13;11-14;11-15;13-14,-9.206122912478833,2.765038279512936,0.9999999999988396,2.4223999883541657e-13,1.0,49,83,82
ct_w3_i1,3,full,3,33,33,1.0,1.0,0 1 6 3 4 8 5 7 10 12 9 13 14 2 11 15,2 3 2 2 2 2 2 3 3 3 3 3 2 2 1 0,0-10;0-11;1-11;1-13;1-14;2-7;2-9;2-10;2-11;2-12;2-13;2-14;2-15;3-6;3-9;3-11;4-7;4-12;5-7;5-8;5-12;6-11;7-10;7-12;8-12;9-11;9-12;9-14;10-11;11-13;11-14;11-15;13-14,-9.206122912478833,2.765038279512936,0.9999999999988396,2.4223999883541657e-13,1.0,49,83,82
ct_w3_i2,3,chain,1,15,3,0.1621621621621621,0.7416666666666667,0 1 2 3 4 5 6 7 8 9 10 11 12 13 14 15,1 1 1 1 1 1 1 1 1 1 1 1 1 1 1 0,0-1;1-2;2-3;3-4;4-5;5-6;6-7;7-8;8-9;9-10;10-11;11-12;12-13;13-14;14-15,-3.7520839633844383,3.693844024716842,0.5378268360674497,2.255781493680383,-0.3374365315977545,31,31,30
ct_w3_i2,3,problem_tree,1,15,15,0.5675675675675675,0.8666666666666667,7 2 8 9 3 10 12 5 6 1 13 14 4 11 0 15,1 1 1 1 1 1 1 1 1 1 1 1 1 1 1 0,0-8;0-11;0-13;0-15;1-6;1-15;2-6;2-7;3-9;3-11;4-10;4-11;4-14;5-6;5-12,-7.2029613196219096,3.477775572703001,0.8141653182693006,0.7322962590219456,0.8510239156553605,31,31,30
ct_w3_i2,3,width2,2,27,27,0.8918918918918919,0.9666666666666668,1 2 5 7 8 9 3 10 13 14 4 0 6 11 12 15,2 2 2 2 2 2 2 2 2 2 2 2 2 2 1 0,0-8;0-11;0-13;0-15;1-6;1-15;2-6;2-7;3-9;3-11;3-13;4-10;4-11;4-12;4-14;5-6;5-12;6-7;6-12;6-15;7-12;8-15;9-13;10-12;11-12;11-13;11-14,-7.161985207847884,2.411653960099656,0.8338032128768057,0.7421827447308729,0.971935826786819,43,59,58
ct_w3_i2,3,width3,3,31,31,1.0,1.0,1 2 8 9 14 7 5 15 3 4 10 0 6 11 12 13,2 2 2 2 2 3 3 2 3 3 3 3 3 2 1 0,0-8;0-11;0-13;0-15;1-6;1-15;2-6;2-7;3-9;3-11;3-12;3-13;4-10;4-11;4-12;4-14;5-6;5-7;5-10;5-12;6-7;6-10;6-12;6-15;7-12;8-15;9-13;10-12;11-12;11-13;11-14,-7.415720973070275,2.376927569128529,0.9999999999991732,2.423228702750752e-13,1.0000000000000002,47,87,86
ct_w3_i2,3,full,3,31,31,1.0,1.0,1 2 9 3 14 4 7 5 10 12 11 13 6 0 8 15,2 2 2 3 2 3 3 3 3 3 3 2 2 2 1 0,0-8;0-11;0-13;0-15;1-6;1-15;2-6;2-7;3-9;3-11;3-12;3-13;4-10;4-11;4-12;4-14;5-6;5-7;5-10;5-12;6-7;6-10;6-12;6-15;7-12;8-15;9-13;10-12;11-12;11-13;11-14,-7.415720973070275,2.376927569128529,0.9999999999991732,2.423228702750752e-13,1.0000000000000002,47,87,86
ct_w3_i3,3,chain,1,15,2,0.0434782608695652,0.7027027027027027,0 1 2 3 4 5 6 7 8 9 10 11 12 13 14 15,1 1 1 1 1 1 1 1 1 1 1 1 1 1 1 0,0-1;1-2;2-3;3-4;4-5;5-6;6-7;7-8;8-9;9-10;10-11;11-12;12-13;13-14;14-15,-3.0501382249008917,3.743587072657797,0.6543239757687562,2.4483047718011077,-0.8625504847871246,31,31,30
ct_w3_i3,3,problem_tree,1,15,15,0.6521739130434783,0.8918918918918919,2 3 5 6 0 9 11 12 13 1 7 14 10 4 8 15,1 1 1 1 1 1 1 1 1 1 1 1 1 1 1 0,0-6;0-11;1-7;1-11;1-13;2-8;3-7;4-8;4-9;4-10;4-12;5-7;7-15;8-15;10-14,-7.665744035395436,3.248669459150162,0.6056559922780875,0.7464118197930705,0.9466298349276632,31,31,30
ct_w3_i3,3,width2,2,26,26,0.8913043478260869,0.9662162162162162,0 2 3 8 9 12 13 14 4 10 5 15 1 6 7 11,2 2 2 2 2 1 2 2 2 2 2 2 2 2 1 0,0-6;0-11;1-7;1-11;1-13;1-15;2-8;2-15;3-7;3-13;4-8;4-9;4-10;4-12;4-15;5-7;5-10;5-14;5-15;6-7;6-11;7-13;7-15;8-15;9-12;10-14,-8.161661532760498,2.64295597840631,0.7856451895686484,0.8113520791655355,0.990326854132677,42,57,56
ct_w3_i3,3,width3,3,31,31,1.0,1.0,0 2 9 12 8 3 6 11 13 1 7 15 4 5 10 14,2 2 2 1 3 3 3 3 2 2 3 2 3 2 1 0,0-6;0-11;1-7;1-11;1-13;1-15;2-8;2-15;3-6;3-7;3-13;4-7;4-8;4-9;4-10;4-12;4-14;4-15;5-7;5-10;5-14;5-15;6-7;6-11;7-8;7-13;7-15;8-15;9-12;10-14;11-13,-8.458459130786586,2.600719055129636,0.9999999999993292,3.489305029122532e-13,1.0,47,81,80
ct_w3_i3,3,full,3,31,31,1.0,1.0,0 3 6 11 13 1 2 10 14 5 9 12 4 7 8 15,2 3 3 3 2 2 2 3 2 3 2 1 3 2 1 0,0-6;0-11;1-7;1-11;1-13;1-15;2-8;2-15;3-6;3-7;3-13;4-7;4-8;4-9;4-10;4-12;4-14;4-15;5-7;5-10;5-14;5-15;6-7;6-11;7-8;7-13;7-15;8-15;9-12;10-14;11-13,-8.458459130786586,2.600719055129636,0.9999999999993292,3.489305029122532e-13,1.0,47,81,80
ct_w3_i4,3,chain,1,15,2,0.0512820512820512,0.7196969696969697,0 1 2 3 4 5 6 7 8 9 10 11 12 13 14 15,1 1 1 1 1 1 1 1 1 1 1 1 1 1 1 0,0-1;1-2;2-3;3-4;4-5;5-6;6-7;7-8;8-9;9-10;10-11;11-12;12-13;13-14;14-15,-3.291374788233365,3.0127786339207105,0.6691854498658011,2.2655326185332973,-0.8170650479247221,31,31,30
ct_w3_i4,3,problem_tree,1,15,15,0.6153846153846154,0.8863636363636364,4 5 6 7 8 10 11 1 9 13 3 14 0 12 2 15,1 1 1 1 1 1 1 1 1 1 1 1 1 1 1 0,0-12;0-14;1-8;1-9;1-11;2-6;2-7;2-10;2-12;2-15;3-13;3-14;4-9;5-9;9-14,-6.621623689515346,3.539878381822996,0.5623008212393693,0.7079731997056513,0.9337029775145724,31,31,30
ct_w3_i4,3,width2,2,27,27,0.9230769230769232,0.9772727272727272,0 3 4 5 6 7 10 11 1 8 13 15 2 9 12 14,2 2 2 2 2 2 1 2 2 2 2 2 2 2 1 0,0-12;0-14;1-8;1-9;1-11;2-6;2-7;2-8;2-9;2-10;2-12;2-15;3-13;3-14;4-9;4-11;5-9;5-14;6-12;7-10;8-9;9-11;9-13;9-14;12-14;12-15;13-14,-7.437503897481632,2.4762364795209466,0.8521030531987909,0.633781468957349,0.9830291816077932,43,57,56
ct_w3_i4,3,width3,3,30,30,1.0,1.0,0 3 4 6 7 10 15 5 13 11 12 1 2 8 9 14,2 2 2 2 2 1 2 3 2 3 2 3 3 2 1 0,0-12;0-14;1-8;1-9;1-11;1-14;2-6;2-7;2-8;2-9;2-10;2-12;2-15;3-13;3-14;4-9;4-11;5-9;5-13;5-14;6-12;7-10;8-9;8-11;9-11;9-13;9-14;12-14;12-15;13-14,-7.526816118574151,2.3004297282824906,0.9999999999989404,4.216945663064952e-13,1.0000000000000002,46,73,72
ct_w3_i4,3,full,3,30,30,1.0,1.0,0 4 11 1 3 5 6 7 8 13 9 10 14 2 12 15,2 2 3 3 2 3 2 2 3 2 2 1 2 2 1 0,0-12;0-14;1-8;1-9;1-11;1-14;2-6;2-7;2-8;2-9;2-10;2-12;2-15;3-13;3-14;4-9;4-11;5-9;5-13;5-14;6-12;7-10;8-9;8-11;9-11;9-13;9-14;12-14;12-15;13-14,-7.526816118574151,2.3004297282824906,0.9999999999989404,4.216945663064952e-13,1.0000000000000002,46,73,72
ct_w3_i5,3,chain,1,15,3,0.081081081081081,0.7258064516129032,0 1 2 3 4 5 6 7 8 9 10 11 12 13 14 15,1 1 1 1 1 1 1 1 1 1 1 1 1 1 1 0,0-1;1-2;2-3;3-4;4-5;5-6;6-7;7-8;8-9;9-10;10-11;11-12;12-13;13-14;14-15,-3.3220669789638344,3.2520137057145817,0.6360608289553934,2.1660489805220284,-0.7566132619120618,31,31,30
ct_w3_i5,3,problem_tree,1,15,15,0.5675675675675675,0.8709677419354839,3 4 6 10 5 7 2 8 11 12 13 14 1 9 0 15,1 1 1 1 1 1 1 1 1 1 1 1 1 1 1 0,0-8;0-9;0-11;0-12;0-15;1-9;1-13;1-14;2-7;2-8;3-7;4-9;5-6;5-7;5-10,-7.186583651856441,3.23916085912181,0.8298253453936351,0.8700714781876959,0.8079859686024045,31,31,30
ct_w3_i5,3,width2,2,25,25,0.8378378378378378,0.9516129032258064,3 4 6 10 5 11 15 12 0 13 1 14 2 7 8 9,1 2 2 1 2 2 1 2 2 2 2 2 2 2 1 0,0-8;0-9;0-11;0-12;0-15;1-9;1-13;1-14;2-7;2-8;3-7;4-9;4-13;5-6;5-7;5-9;5-10;6-10;7-9;7-14;8-9;9-12;9-13;9-14;11-15,-7.29940454551924,2.583337629189248,0.8464734237046221,0.6382017443137482,0.9706983146879826,41,53,52
ct_w3_i5,3,width3,3,31,31,1.0,1.0,3 4 6 10 5 11 15 0 1 13 8 12 2 7 9 14,2 2 2 1 2 2 1 3 3 2 3 3 3 2 1 0,0-8;0-9;0-11;0-12;0-15;1-9;1-13;1-14;2-7;2-8;2-12;2-14;3-7;3-12;4-9;4-13;5-6;5-7;5-9;5-10;6-10;7-9;7-12;7-14;8-9;8-12;9-12;9-13;9-14;11-15;13-14,-7.461825662579782,2.392764313425502,0.999999999997952,7.387156174687774e-13,1.0,47,75,74
ct_w3_i5,3,full,3,31,31,1.0,1.0,1 3 4 6 10 5 13 14 7 2 8 9 12 0 11 15,3 2 2 2 1 2 2 3 3 3 3 2 1 2 1 0,0-8;0-9;0-11;0-12;0-15;1-9;1-13;1-14;2-7;2-8;2-12;2-14;3-7;3-12;4-9;4-13;5-6;5-7;5-9;5-10;6-10;7-9;7-12;7-14;8-9;8-12;9-12;9-13;9-14;11-15;13-14,-7.461825662579782,2.392764313425502,0.999999999997952,7.387156174687774e-13,1.0,47,75,74
ct_w4_i1,4,chain,1,15,1,0.0238095238095238,0.7071428571428572,0 1 2 3 4 5 6 7 8 9 10 11 12 13 14 15,1 1 1 1 1 1 1 1 1 1 1 1 1 1 1 0,0-1;1-2;2-3;3-4;4-5;5-6;6-7;7-8;8-9;9-10;10-11;11-12;12-13;13-14;14-15,-3.043177507348473,3.4630141150827,0.7007285564036715,2.361202966914586,-0.930316735584604,31,31,30
ct_w4_i1,4,problem_tree,1,15,15,0.5714285714285714,0.8714285714285714,3 7 4 8 9 1 10 11 5 6 13 2 14 0 12 15,1 1 1 1 1 1 1 1 1 1 1 1 1 1 1 0,0-8;0-12;0-14;1-9;1-12;2-6;2-10;2-13;2-15;3-8;4-7;4-10;5-6;5-11;12-15,-7.513096991726674,3.435801052955024,0.7003802302051938,0.985209845536712,0.8671346550519314,31,31,30
ct_w4_i1,4,width2,2,27,27,0.8571428571428571,0.9571428571428572,11 1 3 7 4 9 5 10 13 14 8 0 2 6 12 15,1 2 2 2 2 2 2 2 2 2 2 2 2 2 1 0,0-8;0-12;0-14;0-15;1-9;1-12;2-6;2-10;2-13;2-15;3-8;3-15;4-7;4-10;4-15;5-6;5-9;5-11;5-12;6-12;7-10;8-14;8-15;9-12;10-15;12-15;13-15,-8.275165115547427,2.992752782266935,0.8061651092902503,0.8451795813522923,0.9866955632858964,43,57,56
ct_w4_i1,4,width3,3,32,32,0.9761904761904762,0.9928571428571428,3 11 14 8 0 1 4 12 9 7 6 10 2 5 13 15,2 2 2 2 2 3 3 3 3 3 3 3 3 2 1 0,0-8;0-12;0-14;0-15;1-9;1-12;1-15;2-6;2-10;2-13;2-15;3-8;3-15;4-7;4-10;4-15;5-6;5-7;5-9;5-11;5-12;5-13;6-10;7-9;7-10;8-14;8-15;9-12;10-15;11-13;12-15;13-15,-8.333903108871697,2.780561925255584,0.9448800637890936,0.3782428390303185,0.9972542459667344,48,91,90
ct_w4_i1,4,full,4,33,33,1.0,1.0,3 14 8 0 1 4 6 7 9 10 12 2 11 5 13 15,2 2 2 2 3 3 4 4 4 4 3 3 2 2 1 0,0-8;0-12;0-14;0-15;1-9;1-12;1-15;2-6;2-10;2-13;2-15;3-8;3-15;4-7;4-10;4-15;5-6;5-7;5-9;5-11;5-12;5-13;6-10;6-12;7-9;7-10;8-14;8-15;9-12;10-15;11-13;12-15;13-15,-8.449482792654413,2.6856793034081115,1.0000000000003073,3.145033852319473e-13,1.0,49,123,122
ct_w4_i2,4,chain,1,15,5,0.125,0.7569444444444444,0 1 2 3 4 5 6 7 8 9 10 11 12 13 14 15,1 1 1 1 1 1 1 1 1 1 1 1 1 1 1 0,0-1;1-2;2-3;3-4;4-5;5-6;6-7;7-8;8-9;9-10;10-11;11-12;12-13;13-14;14-15,-3.993379933313701,3.5593799631970686,0.7235077848692117,1.893537311019156,-0.6354866557980619,31,31,30
ct_w4_i2,4,problem_tree,1,15,15,0.525,0.8680555555555556,2 4 5 7 8 10 11 12 13 3 6 14 1 9 0 15,1 1 1 1 1 1 1 1 1 1 1 1 1 1 1 0,0-6;0-7;0-8;0-9;0-10;0-11;0-12;0-15;1-9;1-14;2-7;3-6;3-13;4-9;5-6,-7.879903834948013,2.6777402687227334,0.879845067381909,1.3292289912863486,0.7688893374034428,31,31,30
ct_w4_i2,4,width2,2,28,28,0.85,0.9583333333333334,1 2 4 5 7 8 11 10 13 14 9 15 0 3 6 12,2 2 2 2 2 2 2 2 2 2 2 2 2 2 1 0,0-6;0-7;0-8;0-9;0-10;0-11;0-12;0-15;1-9;1-14;2-7;2-8;3-6;3-12;3-13;4-9;4-12;5-6;5-15;6-15;7-8;8-15;9-10;9-12;9-14;10-11;12-13;12-14,-7.967034405897008,2.8678204406190195,0.8243023663274125,0.7581912273930815,0.9876187049414336,44,59,58
ct_w4_i2,4,width3,3,32,32,0.95,0.9861111111111112,1 2 4 11 13 14 10 3 9 5 6 7 0 8 12 15,2 2 2 2 2 2 3 2 3 3 3 3 3 2 1 0,0-6;0-7;0-8;0-9;0-10;0-11;0-12;0-15;1-9;1-14;2-7;2-8;3-6;3-12;3-13;4-9;4-12;5-6;5-12;5-15;6-9;6-10;6-15;7-8;7-12;8-15;9-10;9-12;9-14;10-11;12-13;12-14,-7.973322993424266,2.66232282352153,0.8842829201102255,0.7093662803066173,0.9956341660930794,48,83,82
ct_w4_i2,4,full,4,34,34,1.0,1.0,2 13 3 7 8 11 10 0 1 4 14 5 6 9 12 15,2 2 3 3 3 2 4 4 2 2 3 4 3 2 1 0,0-6;0-7;0-8;0-9;0-10;0-11;0-12;0-15;1-9;1-14;2-7;2-8;3-6;3-10;3-12;3-13;4-9;4-12;5-6;5-12;5-14;5-15;6-9;6-10;6-15;7-8;7-12;8-15;9-10;9-12;9-14;10-11;12-13;12-14,-8.223864394038014,2.703824517265321,1.0000000000006737,4.3793325142501433e-13,1.0,50,115,114
ct_w4_i3,4,chain,1,15,5,0.1351351351351351,0.7333333333333333,0 1 2 3 4 5 6 7 8 9 10 11 12 13 14 15,1 1 1 1 1 1 1 1 1 1 1 1 1 1 1 0,0-1;1-2;2-3;3-4;4-5;5-6;6-7;7-8;8-9;9-10;10-11;11-12;12-13;13-14;14-15,-4.065580066173311,3.4304594044619066,0.6940065002419376,1.7652605017114045,-0.4751460756757359,31,31,30
ct_w4_i3,4,problem_tree,1,15,15,0.5675675675675675,0.8666666666666667,3 4 5 6 7 2 8 9 11 12 14 1 13 10 0 15,1 1 1 1 1 1 1 1 1 1 1 1 1 1 1 0,0-8;0-9;0-10;0-15;1-11;1-12;1-13;1-14;2-6;2-7;2-14;3-10;4-6;5-8;10-13,-6.420551158340247,2.9682723041848886,0.6146630973485875,1.4575769974430874,0.8712912208169419,31,31,30
ct_w4_i3,4,width2,2,25,25,0.8378378378378378,0.95,5 3 4 7 8 9 12 0 15 10 6 11 13 1 2 14,1 2 2 2 2 2 2 2 2 2 2 2 2 2 1 0,0-8;0-9;0-10;0-15;1-11;1-12;1-13;1-14;2-6;2-7;2-10;2-13;2-14;2-15;3-10;3-13;4-6;4-11;5-8;6-7;6-11;8-15;9-10;10-13;11-12,-7.293880218520063,2.615412377439727,0.8350641805521793,0.6446006180640768,0.9666560429692612,41,57,56
ct_w4_i3,4,width3,3,29,29,0.945945945945946,0.9833333333333332,3 4 5 7 9 12 6 14 1 11 13 0 2 8 10 15,2 2 2 2 2 2 2 3 3 3 3 3 3 2 1 0,0-8;0-9;0-10;0-15;1-11;1-12;1-13;1-14;2-6;2-7;2-8;2-10;2-13;2-14;2-15;3-10;3-13;4-6;4-11;5-8;5-11;6-7;6-11;8-11;8-15;9-10;10-13;11-12;13-14,-7.533986256825228,2.504743849004502,0.9314533138281114,0.7273435834699321,0.9905902633125058,45,83,82
ct_w4_i3,4,full,4,31,31,1.0,1.0,9 0 12 1 3 4 5 7 6 10 11 2 8 13 14 15,2 3 2 3 2 2 2 2 2 4 4 4 3 2 1 0,0-8;0-9;0-10;0-15;1-11;1-12;1-13;1-14;2-6;2-7;2-8;2-10;2-13;2-14;2-15;3-10;3-13;4-6;4-11;5-8;5-11;6-7;6-11;8-11;8-14;8-15;9-10;10-13;11-12;13-14;14-15,-7.52737189475292,2.345591124022352,0.9999999999997892,5.091497359203702e-13,1.0,47,107,106
ct_w4_i4,4,chain,1,15,2,0.0425531914893617,0.7383720930232558,0 1 2 3 4 5 6 7 8 9 10 11 12 13 14 15,1 1 1 1 1 1 1 1 1 1 1 1 1 1 1 0,0-1;1-2;2-3;3-4;4-5;5-6;6-7;7-8;8-9;9-10;10-11;11-12;12-13;13-14;14-15,-3.163030456173596,3.57408661495508,0.8421177144610273,2.0252499588003623,-0.9101826798984451,31,31,30
ct_w4_i4,4,problem_tree,1,15,15,0.574468085106383,0.8837209302325582,2 3 6 7 8 9 5 10 11 13 0 12 1 14 4 15,1 1 1 1 1 1 1 1 1 1 1 1 1 1 1 0,0-7;0-10;0-12;0-13;1-6;1-8;1-12;1-15;2-8;3-12;4-11;4-14;4-15;5-9;5-13,-8.485746003787947,3.9279633386509936,0.919372557553911,0.9113913873361046,0.7476488445847201,31,31,30
ct_w4_i4,4,width2,2,28,28,0.851063829787234,0.9593023255813954,2 3 6 7 8 1 9 5 10 11 14 4 0 12 13 15,2 2 2 2 2 2 2 2 2 2 2 2 2 2 1 0,0-7;0-10;0-12;0-13;1-6;1-8;1-12;1-15;2-8;2-12;3-12;3-15;4-11;4-13;4-14;4-15;5-9;5-13;5-15;6-15;7-12;8-12;9-13;10-13;11-13;12-15;13-15;14-15,-8.649702138820157,2.961435213033795,0.8404168705420894,0.7807069130571006,0.9419678848900548,44,59,58
ct_w4_i4,4,width3,3,34,34,0.9787234042553192,0.994186046511628,2 3 7 9 11 14 8 1 0 4 5 10 6 12 13 15,2 2 2 2 2 2 3 3 3 3 3 3 3 2 1 0,0-7;0-10;0-12;0-13;1-6;1-8;1-12;1-15;2-8;2-12;3-12;3-15;4-6;4-11;4-13;4-14;4-15;5-6;5-9;5-13;5-15;6-10;6-12;6-15;7-12;8-12;8-15;9-13;10-12;10-13;11-13;12-15;13-15;14-15,-9.086449394577327,2.8545466402376087,0.9517659150662244,0.3265931253806815,0.9973220304211384,50,87,86
ct_w4_i4,4,full,4,35,35,1.0,1.0,7 0 2 8 1 3 9 5 10 12 6 11 13 4 14 15,2 3 2 3 3 2 2 4 4 3 3 2 2 2 1 0,0-7;0-10;0-12;0-13;1-6;1-8;1-12;1-15;2-8;2-12;3-12;3-15;4-6;4-11;4-13;4-14;4-15;5-6;5-9;5-10;5-13;5-15;6-10;6-12;6-15;7-12;8-12;8-15;9-13;10-12;10-13;11-13;12-15;13-15;14-15,-9.177591656192924,2.909209760063351,0.9999999999997882,1.6337531685822113e-13,1.0000000000000002,51,103,102
ct_w4_i5,4,chain,1,15,1,0.0238095238095238,0.7266666666666667,0 1 2 3 4 5 6 7 8 9 10 11 12 13 14 15,1 1 1 1 1 1 1 1 1 1 1 1 1 1 1 0,0-1;1-2;2-3;3-4;4-5;5-6;6-7;7-8;8-9;9-10;10-11;11-12;12-13;13-14;14-15,-2.880556202876362,3.1536984161471207,0.7247956047154595,2.3063041388975987,-0.9332835621144788,31,31,30
ct_w4_i5,4,problem_tree,1,15,15,0.5714285714285714,0.88,1 2 5 7 9 10 11 3 8 12 4 6 13 14 0 15,1 1 1 1 1 1 1 1 1 1 1 1 1 1 1 0,0-6;0-8;0-10;0-13;0-14;0-15;1-6;2-9;3-7;3-8;3-11;4-6;4-12;5-9;6-9,-7.358127828502238,3.5410366940803906,0.7197944374392297,0.7886697059770708,0.8877220468223661,31,31,30
ct_w4_i5,4,width2,2,28,28,0.8809523809523809,0.9666666666666668,1 2 5 7 11 3 8 10 12 4 13 14 9 0 6 15,2 2 2 2 1 2 2 2 2 2 2 2 2 2 1 0,0-6;0-8;0-9;0-10;0-13;0-14;0-15;1-6;1-15;2-6;2-9;3-7;3-8;3-11;3-15;4-6;4-9;4-12;5-9;5-14;6-9;6-12;6-15;7-11;8-15;9-13;9-14;10-13,-8.085136787733786,2.953567745738171,0.8838929641714586,0.5853176140259952,0.9867628059206548,44,57,56
ct_w4_i5,4,width3,3,32,32,0.9761904761904762,0.9933333333333332,1 5 7 11 3 10 12 4 2 6 14 8 0 9 13 15,2 2 2 1 2 2 2 2 3 3 3 3 3 2 1 0,0-6;0-8;0-9;0-10;0-13;0-14;0-15;1-6;1-15;2-6;2-9;2-15;3-7;3-8;3-11;3-15;4-6;4-9;4-12;5-9;5-14;6-9;6-12;6-15;7-11;8-13;8-15;9-13;9-14;9-15;10-13;14-15,-8.15373429842972,2.694404748576024,0.944810903211496,0.394923309627311,0.9979015486928852,48,77,76
ct_w4_i5,4,full,4,33,33,1.0,1.0,1 2 7 11 3 12 4 6 8 10 13 0 5 9 14 15,2 3 2 1 2 2 3 4 3 2 3 3 2 2 1 0,0-6;0-8;0-9;0-10;0-13;0-14;0-15;1-6;1-15;2-6;2-9;2-15;3-7;3-8;3-11;3-15;4-6;4-9;4-12;4-13;5-9;5-14;6-9;6-12;6-15;7-11;8-13;8-15;9-13;9-14;9-15;10-13;14-15,-8.268773456537788,2.660552849397914,0.9999999999993424,3.1918539729173943e-13,0.9999999999999996,49,89,88
ct_w5_i1,5,chain,1,15,1,0.0263157894736842,0.7063492063492064,0 1 2 3 4 5 6 7 8 9 10 11 12 13 14 15,1 1 1 1 1 1 1 1 1 1 1 1 1 1 1 0,0-1;1-2;2-3;3-4;4-5;5-6;6-7;7-8;8-9;9-10;10-11;11-12;12-13;13-14;14-15,-2.9468973666774185,3.681114039826378,0.7007139602335125,2.505092626513664,-0.9310678976069012,31,31,30
ct_w5_i1,5,problem_tree,1,15,15,0.4736842105263157,0.8412698412698413,4 5 7 9 10 12 0 11 13 14 2 8 1 6 3 15,1 1 1 1 1 1 1 1 1 1 1 1 1 1 1 0,0-11;0-12;1-6;1-7;1-8;1-13;2-8;2-10;2-14;3-6;3-9;3-15;4-6;5-9;6-11,-6.580508590502102,3.302800296190008,0.5547300072560359,1.5307303463032838,0.7684333281943879,31,31,30
ct_w5_i1,5,width2,2,27,27,0.7894736842105263,0.9365079365079364,0 4 5 7 10 14 15 9 2 13 8 1 3 6 11 12,2 2 2 2 2 2 2 2 2 2 2 2 2 2 1 0,0-11;0-12;1-6;1-7;1-8;1-12;1-13;2-8;2-10;2-13;2-14;3-6;3-9;3-12;3-15;4-6;4-11;5-9;5-15;6-11;7-13;8-12;8-14;9-12;9-15;10-13;11-12,-7.667094893373056,3.0819259016285434,0.6913501147702169,1.3265219619352535,0.9679383078933298,43,59,58
ct_w5_i1,5,width3,3,32,32,0.9210526315789472,0.9761904761904762,0 5 7 10 13 2 8 11 1 4 14 12 3 6 9 15,2 2 3 3 2 3 3 3 3 3 3 3 3 2 1 0,0-11;0-12;1-6;1-7;1-8;1-11;1-12;1-13;2-8;2-10;2-13;2-14;3-6;3-9;3-12;3-15;4-6;4-9;4-14;5-9;5-15;6-11;6-15;7-10;7-13;8-12;8-14;9-12;9-14;9-15;10-13;11-12,-8.18532820813679,2.989012011134097,0.9030033548561662,0.5632741342283414,0.99211688042815,48,99,98
ct_w5_i1,5,full,5,35,35,1.0,1.0,0 7 10 13 2 8 1 4 11 12 14 3 5 6 9 15,2 4 4 3 4 4 5 4 5 4 3 3 2 2 1 0,0-11;0-12;1-6;1-7;1-8;1-11;1-12;1-13;2-8;2-10;2-13;2-14;3-6;3-7;3-9;3-10;3-12;3-15;4-6;4-9;4-11;4-14;5-9;5-15;6-11;6-15;7-10;7-13;8-12;8-14;9-12;9-14;9-15;10-13;11-12,-8.294591287010245,2.8478765112483164,0.999999999999248,8.025432608660214e-13,1.0,51,199,198
ct_w5_i2,5,chain,1,15,3,0.0666666666666666,0.7341772151898734,0 1 2 3 4 5 6 7 8 9 10 11 12 13 14 15,1 1 1 1 1 1 1 1 1 1 1 1 1 1 1 0,0-1;1-2;2-3;3-4;4-5;5-6;6-7;7-8;8-9;9-10;10-11;11-12;12-13;13-14;14-15,-3.492350297925217,3.8799178857082506,0.796595857536427,2.019413343407416,-0.8340614415630146,31,31,30
ct_w5_i2,5,problem_tree,1,15,15,0.5333333333333333,0.8670886075949367,0 3 8 5 9 7 10 4 6 11 1 12 13 14 2 15,1 1 1 1 1 1 1 1 1 1 1 1 1 1 1 0,0-7;1-7;1-11;1-12;2-6;2-12;2-13;2-14;2-15;3-7;4-6;4-10;5-7;5-8;7-9,-7.6667619957810675,3.3463469568126767,0.7017737178297285,1.1741205222245277,0.7635879409078751,31,31,30
ct_w5_i2,5,width2,2,28,28,0.8222222222222222,0.9493670886075948,0 3 8 9 5 7 1 11 10 4 12 13 14 2 6 15,2 2 2 2 2 2 2 1 2 2 2 2 2 2 1 0,0-7;0-9;1-7;1-11;1-12;2-6;2-12;2-13;2-14;2-15;3-7;3-9;4-6;4-10;4-12;5-7;5-8;5-9;5-11;6-12;6-14;6-15;7-8;7-9;7-11;10-12;11-12;13-15,-8.288837442853435,3.176488243789362,0.7642728048278811,1.1234006850356666,0.9721523389151528,44,57,56
ct_w5_i2,5,width3,3,32,32,0.9111111111111112,0.9746835443037974,0 3 8 13 14 1 2 6 4 11 7 5 9 10 12 15,2 2 2 2 2 3 3 3 3 3 3 3 3 2 1 0,0-7;0-9;1-7;1-11;1-12;2-6;2-12;2-13;2-14;2-15;3-7;3-9;4-6;4-10;4-12;4-15;5-7;5-8;5-9;5-10;5-11;6-12;6-14;6-15;7-8;7-9;7-11;9-10;9-15;10-12;11-12;13-15,-8.620347903948922,3.068533659808778,0.8231926782197744,0.784957331193095,0.9873650239959492,48,91,90
ct_w5_i2,5,full,5,36,36,1.0,1.0,0 1 13 2 3 4 8 5 6 11 7 9 10 12 14 15,2 4 2 4 4 4 2 4 4 4 5 4 3 2 1 0,0-7;0-9;1-7;1-9;1-11;1-12;2-6;2-12;2-13;2-14;2-15;3-7;3-9;3-14;3-15;4-6;4-10;4-12;4-15;5-7;5-8;5-9;5-10;5-11;6-12;6-14;6-15;7-8;7-9;7-11;7-14;9-10;9-15;10-12;11-12;13-15,-9.103695199970172,3.049627538664978,1.0000000000000633,1.4046506975426518e-13,1.0000000000000002,52,187,186
ct_w5_i3,5,chain,1,15,3,0.0612244897959183,0.7125,0 1 2 3 4 5 6 7 8 9 10 11 12 13 14 15,1 1 1 1 1 1 1 1 1 1 1 1 1 1 1 0,0-1;1-2;2-3;3-4;4-5;5-6;6-7;7-8;8-9;9-10;10-11;11-12;12-13;13-14;14-15,-3.2744535837762867,4.608262084865324,0.7301550171288962,2.199356185239511,-0.8374234057336927,31,31,30
ct_w5_i3,5,problem_tree,1,15,15,0.6122448979591837,0.88125,2 4 5 6 8 9 3 7 10 12 13 14 0 11 1 15,1 1 1 1 1 1 1 1 1 1 1 1 1 1 1 0,0-11;0-12;0-14;1-8;1-10;1-11;1-13;1-15;2-8;3-6;3-7;3-9;4-7;5-7;7-13,-8.24298540583013,4.313039452569084,0.7668439546037451,1.1294649458602066,0.8082957418510801,31,31,30
ct_w5_i3,5,width2,2,27,27,0.8571428571428571,0.95625,4 5 6 9 3 12 0 14 2 15 8 11 1 7 10 13,2 2 2 1 2 2 2 2 2 2 2 2 2 2 1 0,0-11;0-12;0-14;1-8;1-10;1-11;1-13;1-15;2-8;2-11;2-14;3-6;3-7;3-9;3-10;4-7;4-13;5-7;5-13;6-9;7-10;7-13;8-11;8-15;10-11;11-14;12-14,-8.925647781764939,3.559540600004472,0.8557592360769889,0.5209087055828054,0.9821632412184188,43,57,56
ct_w5_i3,5,width3,3,31,31,0.9387755102040816,0.98125,4 5 6 9 3 0 14 12 2 10 11 7 1 8 13 15,2 2 2 1 2 3 3 3 3 3 3 3 3 2 1 0,0-11;0-12;0-14;1-8;1-10;1-11;1-13;1-15;2-7;2-8;2-11;2-14;3-6;3-7;3-9;3-10;4-7;4-13;5-7;5-13;6-9;7-8;7-10;7-12;7-13;8-11;8-15;10-11;11-14;12-14;13-15,-9.100721298154223,3.172341140311849,0.8955746159776588,0.6212863167213862,0.9932781554706772,47,89,88
ct_w5_i3,5,full,5,34,34,1.0,1.0,0 6 9 3 4 5 10 13 1 7 8 2 11 12 14 15,3 2 1 2 2 3 3 4 5 5 4 4 3 2 1 0,0-11;0-12;0-14;1-8;1-10;1-11;1-13;1-15;2-7;2-8;2-11;2-14;2-15;3-6;3-7;3-9;3-10;4-7;4-13;5-7;5-12;5-13;6-9;7-8;7-10;7-12;7-13;8-11;8-15;10-11;11-14;12-14;13-15;14-15,-9.374524551043592,3.0535315062552044,0.99999999999934,4.2219093633186374e-13,0.9999999999999998,50,165,164
ct_w5_i4,5,chain,1,15,2,0.0526315789473684,0.7352941176470589,0 1 2 3 4 5 6 7 8 9 10 11 12 13 14 15,1 1 1 1 1 1 1 1 1 1 1 1 1 1 1 0,0-1;1-2;2-3;3-4;4-5;5-6;6-7;7-8;8-9;9-10;10-11;11-12;12-13;13-14;14-15,-3.2999517046863547,3.572722490888681,0.7167442000463625,2.233278993576693,-0.8676711960376736,31,31,30
ct_w5_i4,5,problem_tree,1,15,15,0.4736842105263157,0.8529411764705882,6 8 0 11 5 7 13 14 4 9 1 12 2 10 3 15,1 1 1 1 1 1 1 1 1 1 1 1 1 1 1 0,0-8;0-14;1-6;1-9;1-12;1-13;2-10;2-12;3-10;3-15;4-7;4-9;4-14;5-7;5-11,-7.146851053653039,3.5108249747804985,0.8582893365619917,1.0134734784301094,0.6546642708391217,31,31,30
ct_w5_i4,5,width2,2,26,26,0.7631578947368421,0.9338235294117648,11 0 2 5 6 13 1 7 10 3 15 4 8 9 12 14,1 2 2 2 2 1 2 2 2 2 2 2 2 2 1 0,0-8;0-14;1-6;1-9;1-12;1-13;2-10;2-12;3-10;3-12;3-15;4-7;4-9;4-14;5-7;5-9;5-11;6-13;7-9;8-9;8-14;9-12;10-12;12-14;12-15;14-15,-7.943622875637099,2.6575964322712657,0.8527350884754247,0.9883624737471,0.9587127916867024,42,55,54
ct_w5_i4,5,width3,3,32,32,0.9210526315789472,0.9779411764705882,0 2 6 10 3 11 15 8 14 4 7 13 1 5 9 12,2 2 2 2 2 2 3 2 3 3 3 2 3 2 1 0,0-8;0-14;1-6;1-9;1-12;1-13;2-10;2-12;3-10;3-12;3-15;4-7;4-9;4-12;4-14;4-15;5-7;5-9;5-11;5-12;5-13;6-13;7-9;7-12;8-9;8-14;9-12;10-12;11-13;12-14;12-15;14-15,-7.95327203580022,2.7168562195982835,0.8841375007745087,0.4808517603866536,0.9935930756345388,48,79,78
ct_w5_i4,5,full,5,35,35,1.0,1.0,0 6 1 2 10 3 7 8 11 5 9 4 12 13 14 15,2 2 3 2 3 3 4 3 2 5 4 4 3 2 1 0,0-8;0-14;1-6;1-9;1-12;1-13;2-10;2-12;3-10;3-12;3-13;3-15;4-7;4-9;4-12;4-14;4-15;5-7;5-8;5-9;5-11;5-12;5-13;6-13;7-9;7-12;8-9;8-14;9-12;10-12;10-13;11-13;12-14;12-15;14-15,-8.20830527658454,2.683450974087881,1.0000000000003402,2.2280013433551078e-13,1.0000000000000002,51,143,142
ct_w5_i5,5,chain,1,15,3,0.0714285714285714,0.7132352941176471,0 1 2 3 4 5 6 7 8 9 10 11 12 13 14 15,1 1 1 1 1 1 1 1 1 1 1 1 1 1 1 0,0-1;1-2;2-3;3-4;4-5;5-6;6-7;7-8;8-9;9-10;10-11;11-12;12-13;13-14;14-15,-3.461775047930977,3.521072399140918,0.7296344208676834,2.1004015244968466,-0.8031013868678069,31,31,30
ct_w5_i5,5,problem_tree,1,15,15,0.5714285714285714,0.8676470588235294,4 5 7 8 10 3 9 12 2 11 1 6 14 0 13 15,1 1 1 1 1 1 1 1 1 1 1 1 1 1 1 0,0-6;0-13;0-14;1-6;1-9;1-11;2-7;2-11;2-12;3-8;3-9;3-10;4-13;5-6;13-15,-7.283167966210982,3.349104212298596,0.6248602446502246,0.8834456394395993,0.8479382244215726,31,31,30
ct_w5_i5,5,width2,2,26,26,0.8333333333333334,0.9485294117647058,4 5 7 8 12 15 13 0 2 14 6 1 3 9 10 11,2 2 2 2 2 2 2 2 2 2 2 2 2 2 1 0,0-6;0-13;0-14;0-15;1-6;1-9;1-11;2-7;2-11;2-12;2-14;3-8;3-9;3-10;4-13;4-15;5-6;5-13;6-11;6-13;6-14;7-11;8-9;10-11;12-14;13-15,-7.966245413052674,2.895580188010021,0.7825661338749944,0.7768727701079923,0.9842500776531642,42,59,58
ct_w5_i5,5,width3,3,30,30,0.9285714285714286,0.9779411764705882,5 8 12 3 0 1 9 15 4 10 6 2 7 11 13 14,2 2 2 2 3 3 3 3 3 3 3 3 3 2 1 0,0-6;0-13;0-14;1-6;1-9;1-11;2-7;2-11;2-12;2-14;3-8;3-9;3-10;4-10;4-11;4-13;4-15;5-6;5-13;6-9;6-11;6-13;6-14;7-11;7-13;8-9;10-11;10-15;12-14;13-15,-8.378409812193183,2.756423883626145,0.8877292024832084,0.7104650663740251,0.9900427191670672,46,95,94
ct_w5_i5,5,full,5,33,33,1.0,1.0,0 1 12 2 8 3 7 9 10 4 5 6 11 13 14 15,4 3 2 3 2 3 4 4 4 5 2 4 3 2 1 0,0-6;0-13;0-14;0-15;1-6;1-9;1-11;2-7;2-11;2-12;2-14;3-8;3-9;3-10;3-15;4-7;4-10;4-11;4-13;4-15;5-6;5-13;6-9;6-11;6-13;6-14;7-11;7-13;8-9;10-11;10-15;12-14;13-15,-8.366325895809542,2.662731952087256,0.9999999999995002,3.185397209736123e-13,1.0,49,163,162
ct_w6_i1,6,chain,1,15,2,0.0555555555555555,0.7258064516129032,0 1 2 3 4 5 6 7 8 9 10 11 12 13 14 15,1 1 1 1 1 1 1 1 1 1 1 1 1 1 1 0,0-1;1-2;2-3;3-4;4-5;5-6;6-7;7-8;8-9;9-10;10-11;11-12;12-13;13-14;14-15,-3.3378503249405984,3.6295823818920105,0.7086979091780319,2.237402406506217,-0.874207875361682,31,31,30
ct_w6_i1,6,problem_tree,1,15,15,0.4166666666666667,0.8306451612903226,5 7 4 6 9 10 1 11 12 0 13 2 8 14 3 15,1 1 1 1 1 1 1 1 1 1 1 1 1 1 1 0,0-8;0-12;1-10;1-12;2-6;2-8;2-9;2-13;3-8;3-11;3-14;3-15;4-6;4-7;5-7,-6.58474894304825,3.7963345525369983,0.7493168303194694,0.8780690586684458,0.4375673129764958,31,31,30
ct_w6_i1,6,width2,2,26,26,0.7222222222222222,0.9193548387096774,0 1 4 5 10 11 12 15 6 7 9 8 13 2 3 14,2 2 2 2 2 2 2 2 2 2 2 2 2 2 1 0,0-8;0-12;1-10;1-12;2-6;2-8;2-9;2-13;3-8;3-11;3-13;3-14;3-15;4-6;4-7;5-7;5-14;6-7;7-14;8-12;8-15;9-14;10-12;10-15;11-13;12-15,-7.489692605504447,3.139698861080105,0.7545037191157226,0.9288880575371264,0.9488655000435108,42,59,58
ct_w6_i1,6,width3,3,32,32,0.8888888888888888,0.967741935483871,0 1 10 9 12 6 13 11 2 8 3 4 5 7 14 15,2 2 3 3 3 3 3 3 3 3 3 3 3 2 1 0,0-8;0-12;1-10;1-12;2-6;2-8;2-9;2-13;3-8;3-9;3-11;3-13;3-14;3-15;4-6;4-7;4-10;4-11;4-12;4-15;5-7;5-14;5-15;6-8;7-14;8-12;8-15;9-13;10-12;10-15;11-13;12-15,-8.078873060748865,3.338992222923576,0.8568020715469667,0.4465196590366397,0.990614780010462,48,103,102
ct_w6_i1,6,full,6,36,36,1.0,1.0,0 1 9 13 2 3 5 7 12 4 6 8 10 11 14 15,2 2 4 4 5 5 4 5 4 6 5 4 3 2 1 0,0-8;0-12;1-10;1-12;2-6;2-8;2-9;2-13;3-8;3-9;3-11;3-13;3-14;3-15;4-6;4-7;4-10;4-11;4-12;4-15;5-7;5-10;5-14;5-15;6-7;6-8;7-14;8-12;8-15;9-13;9-14;10-11;10-12;10-15;11-13;12-15,-8.241245283940977,2.9780865604571813,0.9999999999989678,5.72241607336455e-13,1.0,52,295,294
ct_w6_i2,6,chain,1,15,5,0.1111111111111111,0.7402597402597403,0 1 2 3 4 5 6 7 8 9 10 11 12 13 14 15,1 1 1 1 1 1 1 1 1 1 1 1 1 1 1 0,0-1;1-2;2-3;3-4;4-5;5-6;6-7;7-8;8-9;9-10;10-11;11-12;12-13;13-14;14-15,-3.8210255420592505,4.496570940805773,0.7293286420090863,2.000284945982449,-0.6533190074957275,31,31,30
ct_w6_i2,6,problem_tree,1,15,15,0.5333333333333333,0.8636363636363636,5 9 1 10 11 3 8 2 7 12 13 14 4 6 0 15,1 1 1 1 1 1 1 1 1 1 1 1 1 1 1 0,0-6;0-7;0-12;0-13;0-15;1-9;1-10;2-7;2-8;2-10;3-8;3-11;4-6;4-14;5-12,-8.39927308002113,4.520603879881001,0.8678550630441055,0.8139455550222535,0.7302588823071872,31,31,30
ct_w6_i2,6,width2,2,26,26,0.7777777777777778,0.935064935064935,1 3 11 5 8 9 10 14 15 2 7 12 0 4 6 13,2 2 1 2 2 2 2 2 2 2 2 2 2 2 1 0,0-6;0-7;0-12;0-13;0-15;1-9;1-10;2-7;2-8;2-10;2-12;3-8;3-11;4-6;4-13;4-14;5-9;5-12;7-15;8-11;8-12;9-10;9-12;10-12;12-13;13-14,-8.741720677710076,3.3631728546924364,0.7762095465610875,0.8480300347802178,0.9688873697964724,42,57,56
ct_w6_i2,6,width3,3,31,31,0.8888888888888888,0.9675324675324676,1 11 14 15 3 4 5 9 8 10 6 0 2 7 12 13,2 2 2 2 2 2 3 3 3 3 3 3 3 2 1 0,0-6;0-7;0-12;0-13;0-15;1-9;1-10;2-7;2-8;2-10;2-12;2-13;3-8;3-10;3-11;4-6;4-13;4-14;5-8;5-9;5-12;6-7;7-15;8-11;8-12;9-10;9-12;10-12;10-13;12-13;13-14,-9.131286881590208,3.4127338513484298,0.8729449422475934,0.4980945310798632,0.9903012790648305,47,87,86
ct_w6_i2,6,full,6,36,36,1.0,1.0,1 2 14 4 5 6 9 12 13 0 11 3 7 8 10 15,2 5 2 3 3 4 6 5 4 4 2 3 3 2 1 0,0-6;0-7;0-12;0-13;0-15;1-9;1-10;2-7;2-8;2-10;2-12;2-13;3-8;3-10;3-11;3-15;4-6;4-9;4-13;4-14;5-8;5-9;5-12;6-7;6-9;7-8;7-15;8-11;8-12;9-10;9-12;10-12;10-13;10-15;12-13;13-14,-9.22727619379481,3.010895699967026,1.000000000001266,3.49021002551913e-13,1.0000000000000002,52,227,226
ct_w6_i3,6,chain,1,15,2,0.0555555555555555,0.7258064516129032,0 1 2 3 4 5 6 7 8 9 10 11 12 13 14 15,1 1 1 1 1 1 1 1 1 1 1 1 1 1 1 0,0-1;1-2;2-3;3-4;4-5;5-6;6-7;7-8;8-9;9-10;10-11;11-12;12-13;13-14;14-15,-3.180442985498239,3.684622020471772,0.715873676062621,2.413536281959102,-0.8660141016853348,31,31,30
ct_w6_i3,6,problem_tree,1,15,15,0.4166666666666667,0.8306451612903226,3 5 6 8 1 10 11 12 13 14 0 9 2 7 4 15,1 1 1 1 1 1 1 1 1 1 1 1 1 1 1 0,0-9;0-10;0-11;0-14;1-8;1-11;2-6;2-7;2-9;2-12;2-13;3-6;4-7;4-15;5-7,-6.908352757135219,3.413279215989972,0.812492784007267,1.2226502645073132,0.5372975724640076,31,31,30
ct_w6_i3,6,width2,2,26,26,0.7222222222222222,0.9193548387096774,3 1 8 5 6 10 11 12 13 2 15 4 0 7 9 14,1 2 1 2 2 2 2 2 2 2 2 2 2 2 1 0,0-9;0-10;0-11;0-14;1-8;1-11;2-6;2-7;2-9;2-12;2-13;3-6;4-7;4-14;4-15;5-7;5-9;6-12;7-9;7-12;7-14;8-11;9-10;9-13;11-14;14-15,-7.27638156713869,3.000173427314933,0.7726149703728422,1.003028043866517,0.8998012375683019,42,55,54
ct_w6_i3,6,width3,3,31,31,0.8611111111111112,0.9596774193548387,1 5 15 8 4 12 7 11 0 14 6 3 2 9 10 13,2 2 2 2 3 3 3 3 3 3 3 3 3 2 1 0,0-9;0-10;0-11;0-14;1-8;1-11;2-6;2-7;2-9;2-12;2-13;2-14;3-6;3-10;3-13;4-7;4-12;4-14;4-15;5-7;5-9;6-10;7-9;7-12;7-14;8-10;8-11;9-10;9-13;11-14;14-15,-7.820576847816657,2.8787771760239216,0.8348948551481741,0.8431983870139766,0.9837607301105452,47,95,94
ct_w6_i3,6,full,6,36,36,1.0,1.0,1 11 0 6 13 3 2 5 8 9 10 7 12 4 14 15,2 3 4 4 4 5 6 4 5 4 3 3 2 2 1 0,0-9;0-10;0-11;0-14;1-8;1-11;2-6;2-7;2-9;2-12;2-13;2-14;3-6;3-8;3-10;3-13;4-7;4-12;4-14;4-15;5-7;5-8;5-9;5-10;6-10;6-12;7-9;7-12;7-14;8-10;8-11;8-13;9-10;9-13;11-14;14-15,-8.20853662669236,2.906441439885989,1.000000000001174,8.188894792631062e-13,1.0,52,247,246
ct_w6_i4,6,chain,1,15,1,0.0222222222222222,0.717948717948718,0 1 2 3 4 5 6 7 8 9 10 11 12 13 14 15,1 1 1 1 1 1 1 1 1 1 1 1 1 1 1 0,0-1;1-2;2-3;3-4;4-5;5-6;6-7;7-8;8-9;9-10;10-11;11-12;12-13;13-14;14-15,-2.8793175171896728,3.605133657575406,0.8097719561987801,2.182245586565466,-0.9499617163183108,31,31,30
ct_w6_i4,6,problem_tree,1,15,15,0.5333333333333333,0.8653846153846154,1 2 5 7 8 9 10 11 12 13 0 14 3 6 4 15,1 1 1 1 1 1 1 1 1 1 1 1 1 1 1 0,0-6;0-7;0-9;0-11;0-13;1-10;2-6;3-6;3-8;3-12;3-14;4-6;4-15;5-12;6-10,-7.632556821575497,3.769085799674357,0.7360058349162029,1.083079446410366,0.7999846913728258,31,31,30
ct_w6_i4,6,width2,2,28,28,0.8222222222222222,0.9487179487179488,1 2 5 7 8 11 14 12 15 4 9 0 3 6 10 13,2 2 2 2 2 2 2 2 2 2 2 2 2 2 1 0,0-6;0-7;0-9;0-11;0-13;1-10;1-13;2-6;2-10;3-6;3-8;3-12;3-13;3-14;4-6;4-9;4-15;5-12;5-14;6-9;6-10;6-12;7-11;8-13;9-15;10-13;11-13;12-14,-8.523632876306017,3.052358078575882,0.8112030017752936,1.342943940556575,0.970651583493346,44,59,58
ct_w6_i4,6,width3,3,32,32,0.9111111111111112,0.9743589743589745,1 2 7 8 15 4 5 9 11 13 0 6 3 10 12 14,2 2 2 2 2 3 3 3 3 3 3 3 3 2 1 0,0-6;0-7;0-9;0-11;0-13;1-10;1-13;2-6;2-10;3-6;3-8;3-11;3-12;3-13;3-14;4-6;4-9;4-10;4-15;5-10;5-12;5-14;6-9;6-10;6-12;7-11;8-13;9-15;10-12;10-13;11-13;12-14,-8.771322886802366,3.159879151744276,0.8734517133678389,0.8048394415114074,0.9864792155021388,48,91,90
ct_w6_i4,6,full,6,36,36,1.0,1.0,7 0 1 2 8 14 3 11 5 12 13 6 10 4 9 15,2 4 2 2 4 4 6 5 5 4 3 3 2 2 1 0,0-6;0-7;0-9;0-11;0-13;1-10;1-13;2-6;2-10;3-6;3-8;3-11;3-12;3-13;3-14;4-6;4-9;4-10;4-15;5-8;5-9;5-10;5-12;5-14;6-9;6-10;6-12;7-11;8-9;8-13;9-15;10-12;10-13;11-13;11-14;12-14,-9.155728320691011,2.9819228147880072,0.999999999998938,5.89215117606616e-13,1.0000000000000004,52,231,230
ct_w6_i5,6,chain,1,15,3,0.0697674418604651,0.7402597402597403,0 1 2 3 4 5 6 7 8 9 10 11 12 13 14 15,1 1 1 1 1 1 1 1 1 1 1 1 1 1 1 0,0-1;1-2;2-3;3-4;4-5;5-6;6-7;7-8;8-9;9-10;10-11;11-12;12-13;13-14;14-15,-3.357547181276538,3.969502894363138,0.7398145299868619,2.165910825362595,-0.8304768115964436,31,31,30
ct_w6_i5,6,problem_tree,1,15,15,0.4883720930232558,0.8571428571428571,2 5 6 4 8 9 10 11 12 1 13 14 3 7 0 15,1 1 1 1 1 1 1 1 1 1 1 1 1 1 1 0,0-7;0-8;0-9;0-10;0-11;0-15;1-7;1-12;2-12;3-7;3-14;4-6;4-10;5-8;13-15,-7.116625621214132,4.2345410067418205,0.7372690460611713,1.320486710601123,0.7224500216916931,31,31,30
ct_w6_i5,6,width2,2,26,26,0.7441860465116279,0.9285714285714286,5 2 6 8 9 11 13 12 14 1 3 7 0 4 10 15,1 2 2 2 2 2 2 2 2 2 2 2 2 2 1 0,0-7;0-8;0-9;0-10;0-11;0-15;1-7;1-12;1-15;2-12;2-13;3-7;3-14;3-15;4-6;4-10;4-15;5-8;6-10;7-8;7-14;9-15;10-11;12-13;12-15;13-15,-8.541156183176994,3.231965401410036,0.8038061296705109,1.0270462518881691,0.956041972352858,42,57,56
ct_w6_i5,6,width3,3,31,31,0.8604651162790697,0.961038961038961,2 5 6 11 14 10 4 8 9 0 1 3 7 12 13 15,2 2 2 2 2 2 3 3 3 3 3 3 3 2 1 0,0-7;0-8;0-9;0-10;0-11;0-15;1-7;1-12;1-15;2-12;2-13;3-7;3-12;3-14;3-15;4-6;4-10;4-13;4-15;5-8;5-13;6-10;7-8;7-9;7-14;8-13;9-15;10-11;12-13;12-15;13-15,-8.603749552008553,3.1484921635805807,0.8204832077356469,0.9200099790556184,0.9800330389659844,47,87,86
ct_w6_i5,6,full,6,37,37,1.0,1.0,1 5 8 9 14 11 0 2 3 6 4 7 10 12 13 15,4 2 3 4 3 4 6 2 5 2 3 4 3 2 1 0,0-7;0-8;0-9;0-10;0-11;0-15;1-7;1-9;1-12;1-15;2-12;2-13;3-7;3-10;3-11;3-12;3-13;3-14;3-15;4-6;4-10;4-13;4-15;5-8;5-13;6-10;7-8;7-9;7-14;8-13;9-15;10-11;10-12;11-14;12-13;12-15;13-15,-9.079695828020547,3.1639927819974,0.999999999999816,2.766965415060158e-13,1.0000000000000002,53,211,210
