s,mean_a_qopt,mean_a_hot,mean_a_klopt,mean_a_best_fixed,mean_a_maxj,median_hot_defect_recovery,mean_gap_improvement_over_hot,median_gap_improvement_over_hot,fraction_hot_absent_q_near,fraction_q_kl_disjoint,mean_gap_qopt,mean_gap_hot,mean_gap_klopt,mean_gap_best_fixed
0,0.89120545919,0.89120545919,0.89120545919,0.826136588081,0.89120545919,0,0,0,0,0,6.6,6.6,6.6,6.6
0.025,0.823363591725,0.823363591725,0.823086393152,0.730236966134,0.817128664848,0,-0.00133581680908,-0.000761717101781,0,0.4,5.10120239753,5.09986658073,5.10019564114,5.22473819273
0.05,0.751601061768,0.751601061768,0.750084346776,0.644655373613,0.73493695784,0,-0.0040912335752,-0.00281547178383,0,0.5,4.3434814955,4.33939026192,4.33977302152,4.53584301728
0.075,0.688653207442,0.687638654348,0.685259175876,0.580847911344,0.658957303578,0,-0.00978054791816,-0.0110499680581,0.1,0.5,3.90122806176,3.89144751384,3.89205804444,4.12928029824
0.1,0.640552599078,0.637588935431,0.636861256554,0.539390921388,0.597326167216,0,-0.0091827526612,-0.00573243587634,0.1,0.3,3.60091071994,3.59172796728,3.59287445446,3.85506113132
0.125,0.606894900639,0.602140707228,0.601446257424,0.517195842297,0.552176551058,0,-0.0179974663642,-0.00880374164945,0.1,0.4,3.38849369748,3.37049623112,3.36957195673,3.65072387828
0.15,0.586916015928,0.579800630471,0.580776623782,0.51043881073,0.522223439261,0,-0.0320236481539,-0.0148979020981,0.1,0.4,3.22670851071,3.19468486256,3.19424567505,3.4866374018
0.175,0.577703968208,0.567955397103,0.569933591585,0.515461453048,0.504881940294,0,-0.0455274898728,-0.0230510419012,0.2,0.4,3.09294678267,3.0474192928,3.04629550589,3.34711819507
0.2,0.577018022063,0.564195899943,0.565576422665,0.529098735381,0.497438207053,0,-0.0685007297806,-0.0229650964359,0.3,0.5,2.98505050857,2.91654977879,2.91483386853,3.22308088532
0.225,0.58341438364,0.566184137264,0.566768993041,0.548787358657,0.497557273696,0.0160282361986,-0.103393494255,-0.0331900663177,0.5,0.6,2.90039268376,2.79699918951,2.79555645323,3.10884008485
0.25,0.601109365883,0.572709855081,0.573790002347,0.572540251732,0.503420830841,0.06541780887,-0.333777781308,-0.130549527479,0.7,0.8,3.01804953284,2.68427175154,2.68589144157,3.00059611608
0.275,0.623394784295,0.5839047033,0.593546717618,0.598850516299,0.513686006218,0.0883962528356,-0.412397621429,-0.134720053258,0.7,0.9,2.98768307648,2.57528545505,2.5844793727,2.89567861257
0.3,0.647238317479,0.598420908549,0.604213621607,0.626577695709,0.527376409033,0.111237491802,-0.442553719723,-0.201221130568,0.7,1,2.91169533713,2.46914161741,2.47149182037,2.79215859864
0.325,0.672987547697,0.615309775427,0.620717276968,0.65484797219,0.543764885238,0.133882895523,-0.556290535074,-0.304236454577,0.8,1,2.9202784031,2.36398786802,2.36381621854,2.68864721678
0.35,0.700304705327,0.634417407501,0.638824240217,0.68298057296,0.562275988109,0.162040824181,-0.597224866331,-0.386839503679,0.9,1,2.85666204996,2.25943718363,2.25616222551,2.58418849915
0.375,0.727204361702,0.654667932402,0.656875437013,0.710440484257,0.58241798523,0.17486679944,-0.661443310898,-0.652037829471,0.9,1,2.81669128727,2.15524797637,2.14374746029,2.4781963279
0.4,0.75299903931,0.675573048206,0.68981186128,0.736811585158,0.603744009956,0.193818251143,-0.680679988729,-0.684822367352,0.9,1,2.73187200573,2.051192017,2.04177683663,2.37040854276
0.425,0.777223153331,0.696828863743,0.711172719701,0.7617824061,0.62583653212,0.222591465738,-0.681370568661,-0.691625796487,1,1,2.62862473391,1.94725416525,1.92920216871,2.26084445576
0.45,0.799704445971,0.717849371851,0.732034222004,0.785137334045,0.648307098051,0.260249037305,-0.643719163265,-0.694644952729,1,1,2.48730951359,1.84359035033,1.81777987203,2.14976010936
0.475,0.821406248758,0.738452329664,0.752173027492,0.806748145833,0.670803445026,0.29394692314,-0.603807498755,-0.693581490572,1,1,2.34429615673,1.74048865797,1.70791462335,2.03760037164
0.5,0.841856455453,0.758427169964,0.771415930005,0.826563313931,0.693017851185,0.323272816643,-0.574872683671,-0.571840323529,1,1,2.21320535721,1.63833267354,1.60005940647,1.92494943103
0.525,0.860888701544,0.777467032625,0.789639433764,0.844594771927,0.714693019771,0.354851584375,-0.596843300655,-0.561645231037,1,1,2.1344105782,1.53756727754,1.49468365934,1.81248216943
0.55,0.877818966453,0.795462409838,0.806766208628,0.86090323423,0.735624067144,0.384637157315,-0.585647680628,-0.547904306455,1,1,2.02420148578,1.43855380515,1.39224698992,1.70091885412
0.575,0.892809616593,0.812348142035,0.822759095404,0.875583642403,0.755656775351,0.411908750271,-0.577004217347,-0.530956706045,1,1,1.91875130972,1.34174709237,1.29317828727,1.59098506529
0.6,0.9060953561,0.828096324428,0.837613779204,0.888752100922,0.774683077606,0.436822376794,-0.553233585974,-0.511212665478,1,1,1.80101372536,1.24778013939,1.19785994622,1.48337809153
0.625,0.917982284481,0.842823866752,0.851351211808,0.900535131331,0.792634941596,0.459534286816,-0.608917084448,-0.586805818114,1,1,1.7658839518,1.15696686735,1.10661681931,1.37874036847
0.65,0.928380974564,0.856497209423,0.864010579267,0.911061517275,0.809477662156,0.480198225151,-0.613200668702,-0.546717886705,1,1,1.6829150293,1.0697143606,1.01970942853,1.27763999045
0.675,0.937559472429,0.86906198888,0.875643270749,0.920456597059,0.825203289848,0.498963742025,-0.576051009843,-0.507579565791,1,1,1.56246517658,0.986414166738,0.937330910977,1.18055791284
0.7,0.945515878931,0.880573925985,0.886308018015,0.928838626144,0.839824637881,0.515975098741,-0.538916950367,-0.473609173676,1,1,1.44621340421,0.907296453847,0.859607134537,1.08788117446
0.725,0.952410884326,0.891353184226,0.896067179559,0.936316749389,0.853370083703,0.531370517329,-0.5022432941,-0.441266669893,1,1,1.33476479092,0.832521496821,0.78659940018,0.999901287553
0.75,0.958387022255,0.901260789017,0.904984034417,0.942990139032,0.865879225467,0.549431804264,-0.466404707356,-0.409531078821,1,1,1.22858658537,0.762181878014,0.718309146738,0.916816848441
0.775,0.963582953346,0.910257976482,0.913120906163,0.94894792087,0.877399357774,0.566535660186,-0.42979824207,-0.378682916663,1,1,1.12610527996,0.69630703789,0.654684093997,0.838739400025
0.8,0.968100766226,0.918416964979,0.920537933989,0.954269593701,0.88798268021,0.582264174894,-0.384514378882,-0.334444977491,1,1,1.01938389559,0.634869516704,0.59562529892,0.765701613572
0.825,0.972026764825,0.925807220911,0.927140341219,0.959025726262,0.897684131627,0.596706474378,-0.353687030236,-0.305287092535,1,1,0.931479301139,0.577792270903,0.540255543788,0.697666938363
0.85,0.975437484797,0.932494617617,0.933332231286,0.963278782691,0.906559741108,0.612906138888,-0.324542667943,-0.278070601942,1,1,0.849499187371,0.524956519429,0.489897325878,0.634539979752
0.875,0.978404637819,0.938540959781,0.93895750222,0.967083979399,0.914665394982,0.63592358801,-0.293646818845,-0.235305663731,1,1,0.769856483944,0.476209665098,0.443611587038,0.576176996071
0.9,0.980989657337,0.944003770746,0.944064048026,0.970490114295,0.922055932555,0.657741196695,-0.268334818484,-0.213513357183,1,1,0.699707752466,0.431372933982,0.401184785416,0.522396039917
0.925,0.983246502088,0.948936262988,0.948696307313,0.97354033579,0.928784497818,0.678486314454,-0.249103902973,-0.193424198956,1,1,0.639352375409,0.390248472436,0.362392279327,0.47298639974
0.95,0.985225494363,0.953387431467,0.952895391072,0.976272836574,0.934902088475,0.698581965552,-0.226860212648,-0.174965113931,0.9,1,0.579485942968,0.352625730319,0.327003684349,0.427717115591
0.975,0.986963463576,0.957402225497,0.956699246975,0.978721468269,0.94045725594,0.707597239222,-0.206301852882,-0.15805377093,0.8,1,0.524588888379,0.318287035497,0.294787427456,0.386344443609
1,0.988484625628,0.96102176722,0.960142841169,0.980916279609,0.945495920359,0.715682940269,-0.187351443325,-0.142601750829,0.8,1,0.474363770281,0.287012326956,0.265514508862,0.348618225193
1.025,0.989817939546,0.96428359438,0.963258345515,0.982883984222,0.950061272977,0.723045680413,-0.169932862314,-0.128517233945,0.8,1,0.428515923655,0.258583061341,0.238961514268,0.314287178684
1.05,0.990988238671,0.967221912133,0.966075322984,0.984648365682,0.954193744677,0.728945493562,-0.153963049312,-0.115707224648,0.8,1,0.386748390738,0.232785341426,0.214912941772,0.283103175366
1.075,0.992016843626,0.969867843852,0.968620907109,0.986230627728,0.957931024455,0.731368292714,-0.139354893671,-0.104079346361,0.8,1,0.348767230502,0.209412336831,0.193162920164,0.254824589908
1.1,0.992922084412,0.972249674527,0.970919973369,0.987649697262,0.961308115324,0.733519462185,-0.126019581528,-0.0935432494196,0.8,1,0.314285660766,0.188266079238,0.173516400632,0.229218831084
1.125,0.993719743993,0.974393082936,0.975861752117,0.98892248694,0.964357417936,0.735430289267,-0.113868461352,-0.0840116788585,0.8,1,0.283027180066,0.169158718714,0.156797493198,0.206064164386
1.15,0.99442343453,0.976321360492,0.978703836688,0.990064123402,0.967108834284,0.737128314529,-0.10281449087,-0.0754012501993,0.8,1,0.254727817468,0.151913326598,0.141367230379,0.185150936814
1.175,0.995044916175,0.978055615841,0.980059114525,0.99108814628,0.969589885428,0.738637803402,-0.0927733267687,-0.0676329797406,0.6,1,0.229137652219,0.13636432545,0.126811870567,0.166282307869
1.2,0.995594367059,0.979614965008,0.981272886956,0.992006682346,0.971825838434,0.739980155231,-0.0836641147457,-0.060632612612,0.6,1,0.206021734063,0.122357619317,0.113716479655,0.149274581545
1.225,0.99608061196,0.981016707356,0.982359854906,0.992830598455,0.973839838626,0.741174258299,-0.0754100323322,-0.0543307876074,0.6,1,0.185160521448,0.109750489116,0.101942816243,0.133957223304
1.25,0.996511316043,0.98227648792,0.983333210701,0.993569636331,0.97565304406,0.742236798663,-0.0679386310207,-0.0486630731214,0.4,1,0.16634994015,0.0984113091297,0.091364026599,0.120172634715
1.275,0.996893149148,0.98340844679,0.984204788648,0.994232531742,0.977284759751,0.743182528519,-0.0611820182045,-0.043569903735,0.3,1,0.149401150183,0.0882191319783,0.081864065134,0.107775747369
1.3,0.997231925223,0.984425356308,0.984985201519,0.994827120154,0.978752569694,0.74402449979,-0.0550769135634,-0.038996442414,0.3,1,0.134140094944,0.0790631813811,0.0733370614124,0.0966334873543
1.325,0.997532720842,0.985338746894,0.985683964055,0.99536043066,0.980072465185,0.74477426875,-0.0495646090772,-0.0348923890408,0.2,1,0.120406893826,0.0708422847487,0.0656866587488,0.0866241521684
1.35,0.997799976076,0.986159022241,0.98630960455,0.995838769663,0.981258968313,0.745442073526,-0.0445908568927,-0.0312117521977,0.2,1,0.108055128123,0.0634642712306,0.058825344026,0.0776367337521
1.375,0.998037580491,0.986895564669,0.986869765533,0.996267795543,0.982325249797,0.746036990266,-0.0401057049042,-0.0279125977862,0.1,1,0.0969510602371,0.0568453553328,0.0526737837204,0.0695702141638
1.4,0.998248946608,0.98755683135,0.987371294541,0.996652585425,0.983283240625,0.746567069591,-0.0360632961092,-0.024956785205,0.1,1,0.0869728176602,0.050909521551,0.0471601772849,0.062332854425
1.425,0.99843707276,0.988150442103,0.987820325849,0.996997694912,0.984143737161,0.747039455866,-0.0324216445591,-0.0223096993902,0.1,1,0.0780095661414,0.0455879215824,0.042219635878,0.0558414920346
1.45,0.998604596986,0.988683259379,0.988222354015,0.997307211598,0.984916499534,0.747460492294,-0.0291423979919,-0.0199399850116,0.1,1,0.0699606904994,0.0408182925075,0.0377935918946,0.0500208585431
1.475,0.998753843348,0.98916146111,0.988582300029,0.997584803055,0.985610343348,0.747835813879,-0.0261905949638,-0.0178192874712,0.1,1,0.0627349967281,0.0365444017644,0.0338292427274,0.0448029252431
1.5,0.998886861789,0.989590606904,0.988904570724,0.997833759855,0.986233224724,0.748170427153,-0.0235344224185,-0.0159220040123,0.1,1,0.0562499451175,0.032715522699,0.0302790306158,0.0401262823806
