instance_id,width,optimizer,success,first_success,minimum_gap,final_gap,gradient_evaluations,projection_displacement,initialization,seed
ct_w3_i1,3,adam,True,38,0.098296784422823,0.098296784422823,39,0.0,exact_target,-1
ct_w3_i1,3,armijo_gd,True,4,0.0970586574722105,0.0970586574722105,9,0.0,exact_target,-1
ct_w3_i1,3,diagonal_fisher,True,2,0.0340437650112832,0.0340437650112832,5,0.0,exact_target,-1
ct_w3_i1,3,exact_natural,True,5,0.0465843778196681,0.0465843778196681,11,0.0,exact_target,-1
ct_w3_i1,3,projected_adam,False,-1,1.6319118557080063,1.6319118557080063,200,0.0,exact_target,-1
ct_w3_i1,3,ray_projected,False,-1,0.1268033037467049,0.1268033037467049,200,0.0,exact_target,-1
ct_w3_i1,3,target_direction,False,-1,0.1268033037467049,0.1268033037467049,200,0.0,exact_target,-1
ct_w3_i2,3,adam,True,35,0.0967264381234755,0.0967264381234755,36,0.0,exact_target,-1
ct_w3_i2,3,armijo_gd,True,5,0.0905897316044477,0.0905897316044477,11,0.0,exact_target,-1
ct_w3_i2,3,diagonal_fisher,True,3,0.004822160015717,0.004822160015717,7,0.0,exact_target,-1
ct_w3_i2,3,exact_natural,True,5,0.0828783081889437,0.0828783081889437,11,0.0,exact_target,-1
ct_w3_i2,3,projected_adam,False,-1,1.5198827547405092,1.5198827547405092,200,0.0,exact_target,-1
ct_w3_i2,3,ray_projected,False,-1,0.2136035370274669,0.2136035370274669,200,0.0,exact_target,-1
ct_w3_i2,3,target_direction,False,-1,0.2136035370274669,0.2136035370274669,200,0.0,exact_target,-1
ct_w3_i3,3,adam,False,-1,1.0143357138418398,1.0143357138418398,200,0.0,exact_target,-1
ct_w3_i3,3,armijo_gd,True,7,0.0815340135948794,0.0815340135948794,15,0.0,exact_target,-1
ct_w3_i3,3,diagonal_fisher,True,5,0.0118089300632213,0.0118089300632213,11,0.0,exact_target,-1
ct_w3_i3,3,exact_natural,True,5,0.0845852622713732,0.0845852622713732,11,0.0,exact_target,-1
ct_w3_i3,3,projected_adam,False,-1,1.416687734136243,1.416687734136243,200,0.0,exact_target,-1
ct_w3_i3,3,ray_projected,False,-1,0.2154368283478369,0.2154368283478369,200,0.0,exact_target,-1
ct_w3_i3,3,target_direction,False,-1,0.2154368283478369,0.2154368283478369,200,0.0,exact_target,-1
ct_w3_i4,3,adam,True,41,0.0969846549849435,0.0969846549849435,42,0.0,exact_target,-1
ct_w3_i4,3,armijo_gd,True,7,0.0914411815040896,0.0914411815040896,15,0.0,exact_target,-1
ct_w3_i4,3,diagonal_fisher,True,4,0.0058893255738894,0.0058893255738894,9,0.0,exact_target,-1
ct_w3_i4,3,exact_natural,True,6,0.0424944010592245,0.0424944010592245,13,0.0,exact_target,-1
ct_w3_i4,3,projected_adam,False,-1,1.8565733091708532,1.8565733091708532,200,0.0,exact_target,-1
ct_w3_i4,3,ray_projected,False,-1,0.2709244525669128,0.2709244525669128,200,0.0,exact_target,-1
ct_w3_i4,3,target_direction,False,-1,0.2709244525669128,0.2709244525669128,200,0.0,exact_target,-1
ct_w3_i5,3,adam,True,36,0.0999689268596526,0.0999689268596526,37,0.0,exact_target,-1
ct_w3_i5,3,armijo_gd,True,5,0.0866259016649895,0.0866259016649895,11,0.0,exact_target,-1
ct_w3_i5,3,diagonal_fisher,True,3,0.0045988775133363,0.0045988775133363,7,0.0,exact_target,-1
ct_w3_i5,3,exact_natural,True,5,0.0974711886298358,0.0974711886298358,11,0.0,exact_target,-1
ct_w3_i5,3,projected_adam,False,-1,1.569519612418549,1.569519612418549,200,0.0,exact_target,-1
ct_w3_i5,3,ray_projected,False,-1,0.2439032222738291,0.2439032222738291,200,0.0,exact_target,-1
ct_w3_i5,3,target_direction,False,-1,0.2439032222738291,0.2439032222738291,200,0.0,exact_target,-1
ct_w4_i1,4,adam,True,32,0.0969220009603848,0.0969220009603848,33,0.0,exact_target,-1
ct_w4_i1,4,armijo_gd,True,4,0.0903930297879593,0.0903930297879593,9,0.0,exact_target,-1
ct_w4_i1,4,diagonal_fisher,True,3,0.0203658376659134,0.0203658376659134,7,0.0,exact_target,-1
ct_w4_i1,4,exact_natural,True,5,0.0823137167536955,0.0823137167536955,11,0.0,exact_target,-1
ct_w4_i1,4,projected_adam,False,-1,1.573517189861608,1.573517189861608,200,0.0,exact_target,-1
ct_w4_i1,4,ray_projected,False,-1,0.209938429229517,0.209938429229517,200,0.0,exact_target,-1
ct_w4_i1,4,target_direction,False,-1,0.209938429229517,0.209938429229517,200,0.0,exact_target,-1
ct_w4_i2,4,adam,True,36,0.0976341198048036,0.0976341198048036,37,0.0,exact_target,-1
ct_w4_i2,4,armijo_gd,True,4,0.0942225106170422,0.0942225106170422,9,0.0,exact_target,-1
ct_w4_i2,4,diagonal_fisher,True,2,0.04249747826662,0.04249747826662,5,0.0,exact_target,-1
ct_w4_i2,4,exact_natural,True,5,0.0535669617823728,0.0535669617823728,11,0.0,exact_target,-1
ct_w4_i2,4,projected_adam,False,-1,1.5702147581557533,1.5702147581557533,200,0.0,exact_target,-1
ct_w4_i2,4,ray_projected,False,-1,0.1441767054103433,0.1441767054103433,200,0.0,exact_target,-1
ct_w4_i2,4,target_direction,False,-1,0.1441767054103433,0.1441767054103433,200,0.0,exact_target,-1
ct_w4_i3,4,adam,True,38,0.099445302848121,0.099445302848121,39,0.0,exact_target,-1
ct_w4_i3,4,armijo_gd,True,5,0.0981834783608306,0.0981834783608306,11,0.0,exact_target,-1
ct_w4_i3,4,diagonal_fisher,True,3,0.0240212331181872,0.0240212331181872,7,0.0,exact_target,-1
ct_w4_i3,4,exact_natural,True,6,0.0399412025684515,0.0399412025684515,13,0.0,exact_target,-1
ct_w4_i3,4,projected_adam,False,-1,1.3645722132275804,1.3645722132275804,200,0.0,exact_target,-1
ct_w4_i3,4,ray_projected,False,-1,0.258036077490706,0.258036077490706,200,0.0,exact_target,-1
ct_w4_i3,4,target_direction,False,-1,0.258036077490706,0.258036077490706,200,0.0,exact_target,-1
ct_w4_i4,4,adam,True,38,0.0995629642398885,0.0995629642398885,39,0.0,exact_target,-1
ct_w4_i4,4,armijo_gd,True,5,0.0926835369211165,0.0926835369211165,11,0.0,exact_target,-1
ct_w4_i4,4,diagonal_fisher,True,2,0.0317318619517816,0.0317318619517816,5,0.0,exact_target,-1
ct_w4_i4,4,exact_natural,True,5,0.0441715971626663,0.0441715971626663,11,0.0,exact_target,-1
ct_w4_i4,4,projected_adam,False,-1,1.5972431342794329,1.5972431342794329,200,0.0,exact_target,-1
ct_w4_i4,4,ray_projected,False,-1,0.1204161730658643,0.1204161730658643,200,0.0,exact_target,-1
ct_w4_i4,4,target_direction,False,-1,0.1204161730658643,0.1204161730658643,200,0.0,exact_target,-1
ct_w4_i5,4,adam,True,39,0.0986763795107474,0.0986763795107474,40,0.0,exact_target,-1
ct_w4_i5,4,armijo_gd,True,5,0.0929782070661779,0.0929782070661779,11,0.0,exact_target,-1
ct_w4_i5,4,diagonal_fisher,True,3,0.0046864087396372,0.0046864087396372,7,0.0,exact_target,-1
ct_w4_i5,4,exact_natural,True,5,0.0582076284902335,0.0582076284902335,11,0.0,exact_target,-1
ct_w4_i5,4,projected_adam,False,-1,1.5622534621071456,1.5622534621071456,200,0.0,exact_target,-1
ct_w4_i5,4,ray_projected,False,-1,0.1556696608616814,0.1556696608616814,200,0.0,exact_target,-1
ct_w4_i5,4,target_direction,False,-1,0.1556696608616814,0.1556696608616814,200,0.0,exact_target,-1
ct_w5_i1,5,adam,False,-1,1.0062274676697864,1.0062274676697864,200,0.0,exact_target,-1
ct_w5_i1,5,armijo_gd,False,-1,1.0020700912590108,1.0020700912590108,399,0.0,exact_target,-1
ct_w5_i1,5,diagonal_fisher,False,-1,1.0000000020782451,1.0000000020782451,399,0.0,exact_target,-1
ct_w5_i1,5,exact_natural,True,5,0.0666040190794063,0.0666040190794063,11,0.0,exact_target,-1
ct_w5_i1,5,projected_adam,False,-1,1.1101276727359242,1.1101276727359242,200,0.0,exact_target,-1
ct_w5_i1,5,ray_projected,False,-1,0.172827915968968,0.172827915968968,200,0.0,exact_target,-1
ct_w5_i1,5,target_direction,False,-1,0.172827915968968,0.172827915968968,200,0.0,exact_target,-1
ct_w5_i2,5,adam,True,31,0.0962523453535659,0.0962523453535659,32,0.0,exact_target,-1
ct_w5_i2,5,armijo_gd,True,2,0.0927159108883177,0.0927159108883177,5,0.0,exact_target,-1
ct_w5_i2,5,diagonal_fisher,True,2,0.0292620274370012,0.0292620274370012,5,0.0,exact_target,-1
ct_w5_i2,5,exact_natural,True,5,0.0370530202265531,0.0370530202265531,11,0.0,exact_target,-1
ct_w5_i2,5,projected_adam,False,-1,1.2580357189370268,1.2580357189370268,200,0.0,exact_target,-1
ct_w5_i2,5,ray_projected,False,-1,0.1021345859357882,0.1021345859357882,200,0.0,exact_target,-1
ct_w5_i2,5,target_direction,False,-1,0.1021345859357882,0.1021345859357882,200,0.0,exact_target,-1
ct_w5_i3,5,adam,True,31,0.0968039956166055,0.0968039956166055,32,0.0,exact_target,-1
ct_w5_i3,5,armijo_gd,True,4,0.0889564914352352,0.0889564914352352,9,0.0,exact_target,-1
ct_w5_i3,5,diagonal_fisher,True,3,0.0433376448416034,0.0433376448416034,7,0.0,exact_target,-1
ct_w5_i3,5,exact_natural,True,5,0.0729522742545203,0.0729522742545203,11,0.0,exact_target,-1
ct_w5_i3,5,projected_adam,False,-1,1.657415048037981,1.657415048037981,200,0.0,exact_target,-1
ct_w5_i3,5,ray_projected,False,-1,0.1861705388794714,0.1861705388794714,200,0.0,exact_target,-1
ct_w5_i3,5,target_direction,False,-1,0.1861705388794714,0.1861705388794714,200,0.0,exact_target,-1
ct_w5_i4,5,adam,True,33,0.0965271831567875,0.0965271831567875,34,0.0,exact_target,-1
ct_w5_i4,5,armijo_gd,True,4,0.09113095943691,0.09113095943691,9,0.0,exact_target,-1
ct_w5_i4,5,diagonal_fisher,True,2,0.0507472790525227,0.0507472790525227,5,0.0,exact_target,-1
ct_w5_i4,5,exact_natural,True,5,0.0489974169076923,0.0489974169076923,11,0.0,exact_target,-1
ct_w5_i4,5,projected_adam,False,-1,1.415180816404959,1.415180816404959,200,0.0,exact_target,-1
ct_w5_i4,5,ray_projected,False,-1,0.1331954098725187,0.1331954098725187,200,0.0,exact_target,-1
ct_w5_i4,5,target_direction,False,-1,0.1331954098725187,0.1331954098725187,200,0.0,exact_target,-1
ct_w5_i5,5,adam,True,32,0.0988802562552564,0.0988802562552564,33,0.0,exact_target,-1
ct_w5_i5,5,armijo_gd,True,5,0.0809022287708707,0.0809022287708707,11,0.0,exact_target,-1
ct_w5_i5,5,diagonal_fisher,True,3,0.0105194781102238,0.0105194781102238,7,0.0,exact_target,-1
ct_w5_i5,5,exact_natural,True,5,0.0671531038352455,0.0671531038352455,11,0.0,exact_target,-1
ct_w5_i5,5,projected_adam,False,-1,1.539772779902119,1.539772779902119,200,0.0,exact_target,-1
ct_w5_i5,5,ray_projected,False,-1,0.1764471044443709,0.1764471044443709,200,0.0,exact_target,-1
ct_w5_i5,5,target_direction,False,-1,0.1764471044443709,0.1764471044443709,200,0.0,exact_target,-1
ct_w6_i1,6,adam,False,-1,1.00647829271748,1.00647829271748,200,0.0,exact_target,-1
ct_w6_i1,6,armijo_gd,True,3,0.0750983283086785,0.0750983283086785,7,0.0,exact_target,-1
ct_w6_i1,6,diagonal_fisher,True,3,0.0037274771194031,0.0037274771194031,7,0.0,exact_target,-1
ct_w6_i1,6,exact_natural,True,5,0.0663458220738419,0.0663458220738419,11,0.0,exact_target,-1
ct_w6_i1,6,projected_adam,False,-1,1.3581732218521694,1.3581732218521694,200,0.0,exact_target,-1
ct_w6_i1,6,ray_projected,False,-1,0.1711175548072887,0.1711175548072887,200,0.0,exact_target,-1
ct_w6_i1,6,target_direction,False,-1,0.1711175548072887,0.1711175548072887,200,0.0,exact_target,-1
ct_w6_i2,6,adam,True,29,0.0999458663645533,0.0999458663645533,30,0.0,exact_target,-1
ct_w6_i2,6,armijo_gd,True,3,0.0934323603400102,0.0934323603400102,7,0.0,exact_target,-1
ct_w6_i2,6,diagonal_fisher,True,2,0.027791755630842,0.027791755630842,5,0.0,exact_target,-1
ct_w6_i2,6,exact_natural,True,5,0.0463850189214216,0.0463850189214216,11,0.0,exact_target,-1
ct_w6_i2,6,projected_adam,False,-1,1.3869437762343786,1.3869437762343786,200,0.0,exact_target,-1
ct_w6_i2,6,ray_projected,False,-1,0.1253889703962105,0.1253889703962105,200,0.0,exact_target,-1
ct_w6_i2,6,target_direction,False,-1,0.1253889703962105,0.1253889703962105,200,0.0,exact_target,-1
ct_w6_i3,6,adam,True,28,0.0947462900335374,0.0947462900335374,29,0.0,exact_target,-1
ct_w6_i3,6,armijo_gd,True,3,0.095711088634026,0.095711088634026,7,0.0,exact_target,-1
ct_w6_i3,6,diagonal_fisher,True,3,0.0043860458705076,0.0043860458705076,7,0.0,exact_target,-1
ct_w6_i3,6,exact_natural,True,5,0.055474452228049,0.055474452228049,11,0.0,exact_target,-1
ct_w6_i3,6,projected_adam,False,-1,1.0470185763735316,1.0470185763735316,200,0.0,exact_target,-1
ct_w6_i3,6,ray_projected,False,-1,0.1471006576565532,0.1471006576565532,200,0.0,exact_target,-1
ct_w6_i3,6,target_direction,False,-1,0.1471006576565532,0.1471006576565532,200,0.0,exact_target,-1
ct_w6_i4,6,adam,True,33,0.0970651561164253,0.0970651561164253,34,0.0,exact_target,-1
ct_w6_i4,6,armijo_gd,True,2,0.0904068431234321,0.0904068431234321,5,0.0,exact_target,-1
ct_w6_i4,6,diagonal_fisher,True,2,0.0319156346703213,0.0319156346703213,5,0.0,exact_target,-1
ct_w6_i4,6,exact_natural,True,5,0.0394527823574382,0.0394527823574382,11,0.0,exact_target,-1
ct_w6_i4,6,projected_adam,False,-1,1.594900421121329,1.594900421121329,200,0.0,exact_target,-1
ct_w6_i4,6,ray_projected,False,-1,0.1084132594176168,0.1084132594176168,200,0.0,exact_target,-1
ct_w6_i4,6,target_direction,False,-1,0.1084132594176168,0.1084132594176168,200,0.0,exact_target,-1
ct_w6_i5,6,adam,True,31,0.0971676223687207,0.0971676223687207,32,0.0,exact_target,-1
ct_w6_i5,6,armijo_gd,True,2,0.0814615945555079,0.0814615945555079,5,0.0,exact_target,-1
ct_w6_i5,6,diagonal_fisher,True,2,0.0241109091506537,0.0241109091506537,5,0.0,exact_target,-1
ct_w6_i5,6,exact_natural,True,5,0.0392181685232078,0.0392181685232078,11,0.0,exact_target,-1
ct_w6_i5,6,projected_adam,False,-1,1.9528086748425049,1.9528086748425049,200,0.0,exact_target,-1
ct_w6_i5,6,ray_projected,False,-1,0.1067499498592905,0.1067499498592905,200,0.0,exact_target,-1
ct_w6_i5,6,target_direction,False,-1,0.1067499498592905,0.1067499498592905,200,0.0,exact_target,-1
ct_w3_i1,3,adam,True,56,0.0930931918359636,0.0930931918359636,57,0.0,target_biased,0
ct_w3_i1,3,armijo_gd,False,-1,1.002879674094114,1.002879674094114,399,0.0,target_biased,0
ct_w3_i1,3,diagonal_fisher,False,-1,1.000000003454346,1.000000003454346,399,0.0,target_biased,0
ct_w3_i1,3,exact_natural,True,6,0.0410325342144162,0.0410325342144162,13,0.0,target_biased,0
ct_w3_i1,3,projected_adam,False,-1,2.7825508875849145,2.7825508875849145,200,0.0,target_biased,0
ct_w3_i1,3,ray_projected,False,-1,0.1180707278347341,0.1180707278347341,200,1.8138493987026847,target_biased,0
ct_w3_i1,3,target_direction,False,-1,0.269486169358057,0.269486169358057,200,0.0,target_biased,0
ct_w3_i1,3,adam,False,-1,1.0120413913966573,1.0120413913966573,200,0.0,target_biased,19
ct_w3_i1,3,armijo_gd,False,-1,1.0029789244764835,1.0029789244764835,399,0.0,target_biased,19
ct_w3_i1,3,diagonal_fisher,False,-1,1.0000000028093226,1.0000000028093226,399,0.0,target_biased,19
ct_w3_i1,3,exact_natural,True,6,0.050003420547215,0.050003420547215,13,0.0,target_biased,19
ct_w3_i1,3,projected_adam,False,-1,2.692915823440236,2.692915823440236,200,0.0,target_biased,19
ct_w3_i1,3,ray_projected,False,-1,0.134079872174528,0.134079872174528,200,1.911338361835576,target_biased,19
ct_w3_i1,3,target_direction,False,-1,0.3244381642145519,0.3244381642145519,200,0.0,target_biased,19
ct_w3_i1,3,adam,False,-1,1.010302496772583,1.010302496772583,200,0.0,target_biased,42
ct_w3_i1,3,armijo_gd,False,-1,1.003074081950471,1.003074081950471,399,0.0,target_biased,42
ct_w3_i1,3,diagonal_fisher,True,5,0.0062283738551336,0.0062283738551336,11,0.0,target_biased,42
ct_w3_i1,3,exact_natural,True,5,0.0989813289701579,0.0989813289701579,11,0.0,target_biased,42
ct_w3_i1,3,projected_adam,False,-1,2.0969444956239998,2.0969444956239998,200,0.0,target_biased,42
ct_w3_i1,3,ray_projected,False,-1,0.1320531235974975,0.1320531235974975,200,1.635164380075436,target_biased,42
ct_w3_i1,3,target_direction,False,-1,0.2485680670393577,0.2485680670393577,200,0.0,target_biased,42
ct_w3_i1,3,adam,False,-1,1.0118153458496175,1.0118153458496175,200,0.0,target_biased,50
ct_w3_i1,3,armijo_gd,False,-1,1.002743061719114,1.002743061719114,399,0.0,target_biased,50
ct_w3_i1,3,diagonal_fisher,False,-1,1.00000000288291,1.00000000288291,399,0.0,target_biased,50
ct_w3_i1,3,exact_natural,True,7,0.0613376141104478,0.0613376141104478,15,0.0,target_biased,50
ct_w3_i1,3,projected_adam,False,-1,2.4466433303461006,2.4466433303461006,200,0.0,target_biased,50
ct_w3_i1,3,ray_projected,False,-1,0.1188123185181488,0.1188123185181488,200,2.2465811447348827,target_biased,50
ct_w3_i1,3,target_direction,False,-1,0.6204515962066584,0.6204515962066584,200,0.0,target_biased,50
ct_w3_i1,3,adam,False,-1,1.010585710599507,1.010585710599507,200,0.0,target_biased,101
ct_w3_i1,3,armijo_gd,False,-1,1.0028831648748149,1.0028831648748149,399,0.0,target_biased,101
ct_w3_i1,3,diagonal_fisher,False,-1,1.000000002890376,1.000000002890376,399,0.0,target_biased,101
ct_w3_i1,3,exact_natural,True,7,0.0911292678909863,0.0911292678909863,15,0.0,target_biased,101
ct_w3_i1,3,projected_adam,False,-1,2.5294765472453022,2.5294765472453022,200,0.0,target_biased,101
ct_w3_i1,3,ray_projected,False,-1,0.1214140996651025,0.1214140996651025,200,2.3336326937441183,target_biased,101
ct_w3_i1,3,target_direction,False,-1,0.7687713060218808,0.7687713060218808,200,0.0,target_biased,101
ct_w3_i2,3,adam,True,31,0.0959217739050188,0.0959217739050188,32,0.0,target_biased,0
ct_w3_i2,3,armijo_gd,True,5,0.0823750996030252,0.0823750996030252,11,0.0,target_biased,0
ct_w3_i2,3,diagonal_fisher,True,2,0.0443459574616831,0.0443459574616831,5,0.0,target_biased,0
ct_w3_i2,3,exact_natural,True,5,0.0548935430780446,0.0548935430780446,11,0.0,target_biased,0
ct_w3_i2,3,projected_adam,False,-1,2.021164321667765,2.021164321667765,200,0.0,target_biased,0
ct_w3_i2,3,ray_projected,False,-1,0.1994199457590895,0.1994199457590895,200,1.9388069768159195,target_biased,0
ct_w3_i2,3,target_direction,False,-1,0.1456023645217321,0.1456023645217321,200,0.0,target_biased,0
ct_w3_i2,3,adam,False,-1,1.007329814727882,1.007329814727882,200,0.0,target_biased,19
ct_w3_i2,3,armijo_gd,False,-1,1.0026412972678234,1.0026412972678234,399,0.0,target_biased,19
ct_w3_i2,3,diagonal_fisher,False,-1,1.0000000028114684,1.0000000028114684,399,0.0,target_biased,19
ct_w3_i2,3,exact_natural,True,8,0.052195513210826,0.052195513210826,17,0.0,target_biased,19
ct_w3_i2,3,projected_adam,False,-1,2.2588772691690675,2.2588772691690675,200,0.0,target_biased,19
ct_w3_i2,3,ray_projected,False,-1,0.2145173805795117,0.2145173805795117,200,1.987147605537191,target_biased,19
ct_w3_i2,3,target_direction,False,-1,0.8520382420086641,0.8520382420086641,200,0.0,target_biased,19
ct_w3_i2,3,adam,True,39,0.0992855901741833,0.0992855901741833,40,0.0,target_biased,42
ct_w3_i2,3,armijo_gd,True,5,0.0924129042971007,0.0924129042971007,11,0.0,target_biased,42
ct_w3_i2,3,diagonal_fisher,True,3,0.0156498007614835,0.0156498007614835,7,0.0,target_biased,42
ct_w3_i2,3,exact_natural,True,5,0.0766621682310439,0.0766621682310439,11,0.0,target_biased,42
ct_w3_i2,3,projected_adam,False,-1,2.5350774186293563,2.5350774186293563,200,0.0,target_biased,42
ct_w3_i2,3,ray_projected,False,-1,0.21146839355257,0.21146839355257,200,1.7781545158154777,target_biased,42
ct_w3_i2,3,target_direction,False,-1,0.1998129671286008,0.1998129671286008,200,0.0,target_biased,42
ct_w3_i2,3,adam,True,39,0.0968989328582914,0.0968989328582914,40,0.0,target_biased,50
ct_w3_i2,3,armijo_gd,True,6,0.0864322940728534,0.0864322940728534,13,0.0,target_biased,50
ct_w3_i2,3,diagonal_fisher,True,4,0.0043864035609946,0.0043864035609946,9,0.0,target_biased,50
ct_w3_i2,3,exact_natural,True,6,0.0651848308198843,0.0651848308198843,13,0.0,target_biased,50
ct_w3_i2,3,projected_adam,False,-1,1.9786801045238285,1.9786801045238285,200,0.0,target_biased,50
ct_w3_i2,3,ray_projected,False,-1,0.2092380302280396,0.2092380302280396,200,2.0673245783878142,target_biased,50
ct_w3_i2,3,target_direction,False,-1,0.395411784606626,0.395411784606626,200,0.0,target_biased,50
ct_w3_i2,3,adam,False,-1,1.0090837851871068,1.0090837851871068,200,0.0,target_biased,101
ct_w3_i2,3,armijo_gd,False,-1,1.0027061220170417,1.0027061220170417,399,0.0,target_biased,101
ct_w3_i2,3,diagonal_fisher,False,-1,1.0000000027269262,1.0000000027269262,399,0.0,target_biased,101
ct_w3_i2,3,exact_natural,True,8,0.0424613450569886,0.0424613450569886,17,0.0,target_biased,101
ct_w3_i2,3,projected_adam,False,-1,2.7031277039374157,2.7031277039374157,200,0.0,target_biased,101
ct_w3_i2,3,ray_projected,False,-1,0.2217972010833868,0.2217972010833868,200,2.476105279016456,target_biased,101
ct_w3_i2,3,target_direction,False,-1,0.8604099363014264,0.8604099363014264,200,0.0,target_biased,101
ct_w3_i3,3,adam,False,-1,1.0070716362930965,1.0070716362930965,200,0.0,target_biased,0
ct_w3_i3,3,armijo_gd,False,-1,1.00264301240464,1.00264301240464,399,0.0,target_biased,0
ct_w3_i3,3,diagonal_fisher,False,-1,1.0000000026648603,1.0000000026648603,399,0.0,target_biased,0
ct_w3_i3,3,exact_natural,True,6,0.0835637192905327,0.0835637192905327,13,0.0,target_biased,0
ct_w3_i3,3,projected_adam,False,-1,1.5300732154875778,1.5300732154875778,200,0.0,target_biased,0
ct_w3_i3,3,ray_projected,False,-1,0.2033331073315931,0.2033331073315931,200,1.9834002240579465,target_biased,0
ct_w3_i3,3,target_direction,False,-1,0.4192003530702024,0.4192003530702024,200,0.0,target_biased,0
ct_w3_i3,3,adam,False,-1,1.0086112000369631,1.0086112000369631,200,0.0,target_biased,19
ct_w3_i3,3,armijo_gd,False,-1,1.0025592241838464,1.0025592241838464,399,0.0,target_biased,19
ct_w3_i3,3,diagonal_fisher,False,-1,1.0000000026131612,1.0000000026131612,399,0.0,target_biased,19
ct_w3_i3,3,exact_natural,True,6,0.0785983816120765,0.0785983816120765,13,0.0,target_biased,19
ct_w3_i3,3,projected_adam,False,-1,2.1356162247736084,2.1356162247736084,200,0.0,target_biased,19
ct_w3_i3,3,ray_projected,False,-1,0.2080204773921732,0.2080204773921732,200,2.109792374710211,target_biased,19
ct_w3_i3,3,target_direction,False,-1,0.4215264924510968,0.4215264924510968,200,0.0,target_biased,19
ct_w3_i3,3,adam,False,-1,1.0088039033853209,1.0088039033853209,200,0.0,target_biased,42
ct_w3_i3,3,armijo_gd,False,-1,1.00284087980255,1.00284087980255,399,0.0,target_biased,42
ct_w3_i3,3,diagonal_fisher,False,-1,1.000000004859844,1.000000004859844,399,0.0,target_biased,42
ct_w3_i3,3,exact_natural,True,6,0.0577318575134295,0.0577318575134295,13,0.0,target_biased,42
ct_w3_i3,3,projected_adam,False,-1,2.400527636075136,2.400527636075136,200,0.0,target_biased,42
ct_w3_i3,3,ray_projected,False,-1,0.2095141703854253,0.2095141703854253,200,1.5547875380757898,target_biased,42
ct_w3_i3,3,target_direction,False,-1,0.3417700625400712,0.3417700625400712,200,0.0,target_biased,42
ct_w3_i3,3,adam,False,-1,1.0086080053523112,1.0086080053523112,200,0.0,target_biased,50
ct_w3_i3,3,armijo_gd,False,-1,1.00284985568792,1.00284985568792,399,0.0,target_biased,50
ct_w3_i3,3,diagonal_fisher,False,-1,1.000000003915213,1.000000003915213,399,0.0,target_biased,50
ct_w3_i3,3,exact_natural,True,7,0.0613731158379646,0.0613731158379646,15,0.0,target_biased,50
ct_w3_i3,3,projected_adam,False,-1,2.451109861266483,2.451109861266483,200,0.0,target_biased,50
ct_w3_i3,3,ray_projected,False,-1,0.2134886579859198,0.2134886579859198,200,1.8557314631338544,target_biased,50
ct_w3_i3,3,target_direction,False,-1,0.6160655209746917,0.6160655209746917,200,0.0,target_biased,50
ct_w3_i3,3,adam,False,-1,1.010908605789847,1.010908605789847,200,0.0,target_biased,101
ct_w3_i3,3,armijo_gd,False,-1,1.002819587235182,1.002819587235182,399,0.0,target_biased,101
ct_w3_i3,3,diagonal_fisher,False,-1,1.0000000028760585,1.0000000028760585,399,0.0,target_biased,101
ct_w3_i3,3,exact_natural,True,6,0.0590568584668123,0.0590568584668123,13,0.0,target_biased,101
ct_w3_i3,3,projected_adam,False,-1,2.666996769923168,2.666996769923168,200,0.0,target_biased,101
ct_w3_i3,3,ray_projected,False,-1,0.2213066283727833,0.2213066283727833,200,2.340523941431565,target_biased,101
ct_w3_i3,3,target_direction,False,-1,0.3636653408047792,0.3636653408047792,200,0.0,target_biased,101
ct_w3_i4,3,adam,False,-1,1.008758828333761,1.008758828333761,200,0.0,target_biased,0
ct_w3_i4,3,armijo_gd,True,7,0.0916364500170807,0.0916364500170807,15,0.0,target_biased,0
ct_w3_i4,3,diagonal_fisher,True,3,0.051518058708794,0.051518058708794,7,0.0,target_biased,0
ct_w3_i4,3,exact_natural,True,6,0.059732235717659,0.059732235717659,13,0.0,target_biased,0
ct_w3_i4,3,projected_adam,False,-1,2.0040897799044632,2.0040897799044632,200,0.0,target_biased,0
ct_w3_i4,3,ray_projected,False,-1,0.2497015690994999,0.2497015690994999,200,2.0097643314212283,target_biased,0
ct_w3_i4,3,target_direction,False,-1,0.3476730502057421,0.3476730502057421,200,0.0,target_biased,0
ct_w3_i4,3,adam,False,-1,1.0105598608539612,1.0105598608539612,200,0.0,target_biased,19
ct_w3_i4,3,armijo_gd,False,-1,1.003382865474853,1.003382865474853,399,0.0,target_biased,19
ct_w3_i4,3,diagonal_fisher,False,-1,1.0000000045587374,1.0000000045587374,399,0.0,target_biased,19
ct_w3_i4,3,exact_natural,True,7,0.0466481934640921,0.0466481934640921,15,0.0,target_biased,19
ct_w3_i4,3,projected_adam,False,-1,2.2557360265485187,2.2557360265485187,200,0.0,target_biased,19
ct_w3_i4,3,ray_projected,False,-1,0.2945862072871676,0.2945862072871676,200,2.0120517529402937,target_biased,19
ct_w3_i4,3,target_direction,False,-1,0.5393723321184787,0.5393723321184787,200,0.0,target_biased,19
ct_w3_i4,3,adam,False,-1,1.0120062760659447,1.0120062760659447,200,0.0,target_biased,42
ct_w3_i4,3,armijo_gd,False,-1,1.003390518252747,1.003390518252747,399,0.0,target_biased,42
ct_w3_i4,3,diagonal_fisher,False,-1,1.000000003770788,1.000000003770788,399,0.0,target_biased,42
ct_w3_i4,3,exact_natural,True,8,0.0435198222272195,0.0435198222272195,17,0.0,target_biased,42
ct_w3_i4,3,projected_adam,False,-1,2.147806841002618,2.147806841002618,200,0.0,target_biased,42
ct_w3_i4,3,ray_projected,False,-1,0.2704325418900559,0.2704325418900559,200,1.6763848657146516,target_biased,42
ct_w3_i4,3,target_direction,False,-1,0.7662718119790703,0.7662718119790703,200,0.0,target_biased,42
ct_w3_i4,3,adam,True,45,0.0984982407991221,0.0984982407991221,46,0.0,target_biased,50
ct_w3_i4,3,armijo_gd,True,6,0.0924628284901256,0.0924628284901256,13,0.0,target_biased,50
ct_w3_i4,3,diagonal_fisher,True,2,0.0832539484844048,0.0832539484844048,5,0.0,target_biased,50
ct_w3_i4,3,exact_natural,True,5,0.0595443620522413,0.0595443620522413,11,0.0,target_biased,50
ct_w3_i4,3,projected_adam,False,-1,1.7072546228872447,1.7072546228872447,200,0.0,target_biased,50
ct_w3_i4,3,ray_projected,False,-1,0.2588981513282284,0.2588981513282284,200,2.0832636273814567,target_biased,50
ct_w3_i4,3,target_direction,False,-1,0.1596800422494801,0.1596800422494801,200,0.0,target_biased,50
ct_w3_i4,3,adam,True,52,0.0988964780456367,0.0988964780456367,53,0.0,target_biased,101
ct_w3_i4,3,armijo_gd,True,7,0.08674370340165,0.08674370340165,15,0.0,target_biased,101
ct_w3_i4,3,diagonal_fisher,True,4,0.0153054917705386,0.0153054917705386,9,0.0,target_biased,101
ct_w3_i4,3,exact_natural,True,5,0.0967367160598104,0.0967367160598104,11,0.0,target_biased,101
ct_w3_i4,3,projected_adam,False,-1,1.929211259676638,1.929211259676638,200,0.0,target_biased,101
ct_w3_i4,3,ray_projected,False,-1,0.2625420563935172,0.2625420563935172,200,2.080406047910241,target_biased,101
ct_w3_i4,3,target_direction,False,-1,0.2452715258054034,0.2452715258054034,200,0.0,target_biased,101
ct_w3_i5,3,adam,True,38,0.0989968809550241,0.0989968809550241,39,0.0,target_biased,0
ct_w3_i5,3,armijo_gd,True,6,0.0849321189102667,0.0849321189102667,13,0.0,target_biased,0
ct_w3_i5,3,diagonal_fisher,True,4,0.0080050487733736,0.0080050487733736,9,0.0,target_biased,0
ct_w3_i5,3,exact_natural,True,5,0.0998816715668695,0.0998816715668695,11,0.0,target_biased,0
ct_w3_i5,3,projected_adam,False,-1,2.403502268777201,2.403502268777201,200,0.0,target_biased,0
ct_w3_i5,3,ray_projected,False,-1,0.22330859059171,0.22330859059171,200,1.9560811367643487,target_biased,0
ct_w3_i5,3,target_direction,False,-1,0.2485648069688615,0.2485648069688615,200,0.0,target_biased,0
ct_w3_i5,3,adam,False,-1,1.0066680974034252,1.0066680974034252,200,0.0,target_biased,19
ct_w3_i5,3,armijo_gd,False,-1,1.003171355942765,1.003171355942765,399,0.0,target_biased,19
ct_w3_i5,3,diagonal_fisher,False,-1,1.0000000040708663,1.0000000040708663,399,0.0,target_biased,19
ct_w3_i5,3,exact_natural,True,6,0.0870527157916303,0.0870527157916303,13,0.0,target_biased,19
ct_w3_i5,3,projected_adam,False,-1,2.767064663619733,2.767064663619733,200,0.0,target_biased,19
ct_w3_i5,3,ray_projected,False,-1,0.2558248746653575,0.2558248746653575,200,2.0026103003961477,target_biased,19
ct_w3_i5,3,target_direction,False,-1,0.4734119952697178,0.4734119952697178,200,0.0,target_biased,19
ct_w3_i5,3,adam,True,54,0.0908014813876985,0.0908014813876985,55,0.0,target_biased,42
ct_w3_i5,3,armijo_gd,True,6,0.0987574462370766,0.0987574462370766,13,0.0,target_biased,42
ct_w3_i5,3,diagonal_fisher,True,5,0.0028035622816897,0.0028035622816897,11,0.0,target_biased,42
ct_w3_i5,3,exact_natural,True,7,0.0526574950534115,0.0526574950534115,15,0.0,target_biased,42
ct_w3_i5,3,projected_adam,False,-1,3.032826372294032,3.032826372294032,200,0.0,target_biased,42
ct_w3_i5,3,ray_projected,False,-1,0.2421477055356522,0.2421477055356522,200,1.7184716352470255,target_biased,42
ct_w3_i5,3,target_direction,False,-1,0.6016123153103994,0.6016123153103994,200,0.0,target_biased,42
ct_w3_i5,3,adam,False,-1,1.008217962615273,1.008217962615273,200,0.0,target_biased,50
ct_w3_i5,3,armijo_gd,False,-1,1.0028346509417094,1.0028346509417094,399,0.0,target_biased,50
ct_w3_i5,3,diagonal_fisher,False,-1,1.000000002906182,1.000000002906182,399,0.0,target_biased,50
ct_w3_i5,3,exact_natural,True,6,0.0947409215102936,0.0947409215102936,13,0.0,target_biased,50
ct_w3_i5,3,projected_adam,False,-1,2.0313149884810464,2.0313149884810464,200,0.0,target_biased,50
ct_w3_i5,3,ray_projected,False,-1,0.2315784898324224,0.2315784898324224,200,2.06768355066534,target_biased,50
ct_w3_i5,3,target_direction,False,-1,0.4785008593690882,0.4785008593690882,200,0.0,target_biased,50
ct_w3_i5,3,adam,False,-1,1.008671592926655,1.008671592926655,200,0.0,target_biased,101
ct_w3_i5,3,armijo_gd,False,-1,1.0029243022411514,1.0029243022411514,399,0.0,target_biased,101
ct_w3_i5,3,diagonal_fisher,False,-1,1.0000000028790694,1.0000000028790694,399,0.0,target_biased,101
ct_w3_i5,3,exact_natural,True,10,0.059645189864069,0.059645189864069,21,0.0,target_biased,101
ct_w3_i5,3,projected_adam,False,-1,1.649282921974926,1.649282921974926,200,0.0,target_biased,101
ct_w3_i5,3,ray_projected,False,-1,0.240833432517622,0.240833432517622,200,2.4062100415874736,target_biased,101
ct_w3_i5,3,target_direction,False,-1,0.9963904231134162,0.9963904231134162,200,0.0,target_biased,101
ct_w4_i1,4,adam,False,-1,1.0068394996466008,1.0068394996466008,200,0.0,target_biased,0
ct_w4_i1,4,armijo_gd,False,-1,1.0024804875779,1.0024804875779,399,0.0,target_biased,0
ct_w4_i1,4,diagonal_fisher,False,-1,1.000000002389994,1.000000002389994,399,0.0,target_biased,0
ct_w4_i1,4,exact_natural,True,7,0.0449691122721045,0.0449691122721045,15,0.0,target_biased,0
ct_w4_i1,4,projected_adam,False,-1,1.6100230546973189,1.6100230546973189,200,0.0,target_biased,0
ct_w4_i1,4,ray_projected,False,-1,0.1945854912671105,0.1945854912671105,200,1.846309329080287,target_biased,0
ct_w4_i1,4,target_direction,False,-1,0.5140318993477457,0.5140318993477457,200,0.0,target_biased,0
ct_w4_i1,4,adam,False,-1,2.0042212768867795,2.0042212768867795,200,0.0,target_biased,19
ct_w4_i1,4,armijo_gd,False,-1,1.0023434760180407,1.0023434760180407,399,0.0,target_biased,19
ct_w4_i1,4,diagonal_fisher,False,-1,1.0000000105157092,1.0000000105157092,399,0.0,target_biased,19
ct_w4_i1,4,exact_natural,True,8,0.0797094294026017,0.0797094294026017,17,0.0,target_biased,19
ct_w4_i1,4,projected_adam,False,-1,2.340893056237297,2.340893056237297,200,0.0,target_biased,19
ct_w4_i1,4,ray_projected,False,-1,0.2136579792920816,0.2136579792920816,200,2.184204993364262,target_biased,19
ct_w4_i1,4,target_direction,False,-1,0.9218655327720152,0.9218655327720152,200,0.0,target_biased,19
ct_w4_i1,4,adam,False,-1,1.008311368355738,1.008311368355738,200,0.0,target_biased,42
ct_w4_i1,4,armijo_gd,False,-1,1.0024066234250348,1.0024066234250348,399,0.0,target_biased,42
ct_w4_i1,4,diagonal_fisher,False,-1,1.0000000064939716,1.0000000064939716,399,0.0,target_biased,42
ct_w4_i1,4,exact_natural,True,5,0.0621565490263922,0.0621565490263922,11,0.0,target_biased,42
ct_w4_i1,4,projected_adam,False,-1,1.7931537692693276,1.7931537692693276,200,0.0,target_biased,42
ct_w4_i1,4,ray_projected,False,-1,0.2065445607541853,0.2065445607541853,200,1.903322578288634,target_biased,42
ct_w4_i1,4,target_direction,False,-1,0.1700277065644577,0.1700277065644577,200,0.0,target_biased,42
ct_w4_i1,4,adam,False,-1,1.0078082083697826,1.0078082083697826,200,0.0,target_biased,50
ct_w4_i1,4,armijo_gd,False,-1,1.0025376289786916,1.0025376289786916,399,0.0,target_biased,50
ct_w4_i1,4,diagonal_fisher,False,-1,1.0000155627453555,1.0000155627453555,399,0.0,target_biased,50
ct_w4_i1,4,exact_natural,True,7,0.0397238722551147,0.0397238722551147,15,0.0,target_biased,50
ct_w4_i1,4,projected_adam,False,-1,1.924563939286422,1.924563939286422,200,0.0,target_biased,50
ct_w4_i1,4,ray_projected,False,-1,0.2026967718604488,0.2026967718604488,200,1.9892167204832067,target_biased,50
ct_w4_i1,4,target_direction,False,-1,0.4906918750507643,0.4906918750507643,200,0.0,target_biased,50
ct_w4_i1,4,adam,False,-1,1.0065499770949202,1.0065499770949202,200,0.0,target_biased,101
ct_w4_i1,4,armijo_gd,False,-1,1.002515655832477,1.002515655832477,399,0.0,target_biased,101
ct_w4_i1,4,diagonal_fisher,False,-1,1.0000000047995703,1.0000000047995703,399,0.0,target_biased,101
ct_w4_i1,4,exact_natural,True,6,0.0565061687819721,0.0565061687819721,13,0.0,target_biased,101
ct_w4_i1,4,projected_adam,False,-1,1.993023166820878,1.993023166820878,200,0.0,target_biased,101
ct_w4_i1,4,ray_projected,False,-1,0.1956161447112503,0.1956161447112503,200,2.2042246432335717,target_biased,101
ct_w4_i1,4,target_direction,False,-1,0.3398926578859207,0.3398926578859207,200,0.0,target_biased,101
ct_w4_i2,4,adam,True,31,0.0981698815847327,0.0981698815847327,32,0.0,target_biased,0
ct_w4_i2,4,armijo_gd,True,4,0.0854847137676557,0.0854847137676557,9,0.0,target_biased,0
ct_w4_i2,4,diagonal_fisher,True,2,0.0152383465397623,0.0152383465397623,5,0.0,target_biased,0
ct_w4_i2,4,exact_natural,True,4,0.0798712284102478,0.0798712284102478,9,0.0,target_biased,0
ct_w4_i2,4,projected_adam,False,-1,1.147435058424902,1.147435058424902,200,0.0,target_biased,0
ct_w4_i2,4,ray_projected,False,-1,0.1294360679205795,0.1294360679205795,200,1.881491562897813,target_biased,0
ct_w4_i2,4,target_direction,True,189,0.0989200149703055,0.0989200149703055,190,0.0,target_biased,0
ct_w4_i2,4,adam,False,-1,1.0090413244977547,1.0090413244977547,200,0.0,target_biased,19
ct_w4_i2,4,armijo_gd,False,-1,1.0026569047911913,1.0026569047911913,399,0.0,target_biased,19
ct_w4_i2,4,diagonal_fisher,False,-1,1.0000000025871572,1.0000000025871572,399,0.0,target_biased,19
ct_w4_i2,4,exact_natural,True,5,0.0895148985021201,0.0895148985021201,11,0.0,target_biased,19
ct_w4_i2,4,projected_adam,False,-1,2.4621046062922485,2.4621046062922485,200,0.0,target_biased,19
ct_w4_i2,4,ray_projected,False,-1,0.1468915995504272,0.1468915995504272,200,1.958469356054544,target_biased,19
ct_w4_i2,4,target_direction,False,-1,0.2280764262356278,0.2280764262356278,200,0.0,target_biased,19
ct_w4_i2,4,adam,True,42,0.0967970604322516,0.0967970604322516,43,0.0,target_biased,42
ct_w4_i2,4,armijo_gd,True,5,0.0888368829747747,0.0888368829747747,11,0.0,target_biased,42
ct_w4_i2,4,diagonal_fisher,True,2,0.0404543436220414,0.0404543436220414,5,0.0,target_biased,42
ct_w4_i2,4,exact_natural,True,5,0.0509339792082759,0.0509339792082759,11,0.0,target_biased,42
ct_w4_i2,4,projected_adam,False,-1,1.5589815125718278,1.5589815125718278,200,0.0,target_biased,42
ct_w4_i2,4,ray_projected,False,-1,0.1467947045871263,0.1467947045871263,200,1.7092552876467224,target_biased,42
ct_w4_i2,4,target_direction,False,-1,0.137945582177954,0.137945582177954,200,0.0,target_biased,42
ct_w4_i2,4,adam,False,-1,1.0115914730016409,1.0115914730016409,200,0.0,target_biased,50
ct_w4_i2,4,armijo_gd,False,-1,1.0027901038378193,1.0027901038378193,399,0.0,target_biased,50
ct_w4_i2,4,diagonal_fisher,False,-1,1.0000000027314346,1.0000000027314346,399,0.0,target_biased,50
ct_w4_i2,4,exact_natural,True,7,0.0432213051798768,0.0432213051798768,15,0.0,target_biased,50
ct_w4_i2,4,projected_adam,False,-1,2.636633608840187,2.636633608840187,200,0.0,target_biased,50
ct_w4_i2,4,ray_projected,False,-1,0.1398296045038698,0.1398296045038698,200,2.324575407845235,target_biased,50
ct_w4_i2,4,target_direction,False,-1,0.5414202655329436,0.5414202655329436,200,0.0,target_biased,50
ct_w4_i2,4,adam,True,40,0.098802750742486,0.098802750742486,41,0.0,target_biased,101
ct_w4_i2,4,armijo_gd,True,5,0.084153397815367,0.084153397815367,11,0.0,target_biased,101
ct_w4_i2,4,diagonal_fisher,True,2,0.0267854271394671,0.0267854271394671,5,0.0,target_biased,101
ct_w4_i2,4,exact_natural,True,5,0.0509381446860075,0.0509381446860075,11,0.0,target_biased,101
ct_w4_i2,4,projected_adam,False,-1,2.086869818801528,2.086869818801528,200,0.0,target_biased,101
ct_w4_i2,4,ray_projected,False,-1,0.1458674800040658,0.1458674800040658,200,2.344813481506593,target_biased,101
ct_w4_i2,4,target_direction,False,-1,0.1348296185523878,0.1348296185523878,200,0.0,target_biased,101
ct_w4_i3,4,adam,True,34,0.0951220043301148,0.0951220043301148,35,0.0,target_biased,0
ct_w4_i3,4,armijo_gd,True,5,0.0870427757867418,0.0870427757867418,11,0.0,target_biased,0
ct_w4_i3,4,diagonal_fisher,True,2,0.0637183503453968,0.0637183503453968,5,0.0,target_biased,0
ct_w4_i3,4,exact_natural,True,5,0.0424109887544865,0.0424109887544865,11,0.0,target_biased,0
ct_w4_i3,4,projected_adam,False,-1,1.2283674910986946,1.2283674910986946,200,0.0,target_biased,0
ct_w4_i3,4,ray_projected,False,-1,0.2403069492580947,0.2403069492580947,200,1.932448806673128,target_biased,0
ct_w4_i3,4,target_direction,False,-1,0.113820481166071,0.113820481166071,200,0.0,target_biased,0
ct_w4_i3,4,adam,False,-1,1.010275149349111,1.010275149349111,200,0.0,target_biased,19
ct_w4_i3,4,armijo_gd,False,-1,1.0029883190597726,1.0029883190597726,399,0.0,target_biased,19
ct_w4_i3,4,diagonal_fisher,False,-1,1.0000000029302765,1.0000000029302765,399,0.0,target_biased,19
ct_w4_i3,4,exact_natural,True,7,0.0619628211871674,0.0619628211871674,15,0.0,target_biased,19
ct_w4_i3,4,projected_adam,False,-1,2.347425423342022,2.347425423342022,200,0.0,target_biased,19
ct_w4_i3,4,ray_projected,False,-1,0.2662824656537044,0.2662824656537044,200,1.9346033157616924,target_biased,19
ct_w4_i3,4,target_direction,False,-1,0.6240042466491218,0.6240042466491218,200,0.0,target_biased,19
ct_w4_i3,4,adam,False,-1,1.0104618702557475,1.0104618702557475,200,0.0,target_biased,42
ct_w4_i3,4,armijo_gd,False,-1,1.0030576020490418,1.0030576020490418,399,0.0,target_biased,42
ct_w4_i3,4,diagonal_fisher,False,-1,1.0000000039064556,1.0000000039064556,399,0.0,target_biased,42
ct_w4_i3,4,exact_natural,True,7,0.0891475213316503,0.0891475213316503,15,0.0,target_biased,42
ct_w4_i3,4,projected_adam,False,-1,1.8469514366181732,1.8469514366181732,200,0.0,target_biased,42
ct_w4_i3,4,ray_projected,False,-1,0.2653343237573313,0.2653343237573313,200,1.803880071598104,target_biased,42
ct_w4_i3,4,target_direction,False,-1,0.7080168933314166,0.7080168933314166,200,0.0,target_biased,42
ct_w4_i3,4,adam,False,-1,1.0088472208518835,1.0088472208518835,200,0.0,target_biased,50
ct_w4_i3,4,armijo_gd,False,-1,1.0028595334171104,1.0028595334171104,399,0.0,target_biased,50
ct_w4_i3,4,diagonal_fisher,False,-1,1.0000000033878962,1.0000000033878962,399,0.0,target_biased,50
ct_w4_i3,4,exact_natural,True,7,0.0437240455995695,0.0437240455995695,15,0.0,target_biased,50
ct_w4_i3,4,projected_adam,False,-1,1.9216374338519469,1.9216374338519469,200,0.0,target_biased,50
ct_w4_i3,4,ray_projected,False,-1,0.2537524111086675,0.2537524111086675,200,2.0567401631600286,target_biased,50
ct_w4_i3,4,target_direction,False,-1,0.5255321921568896,0.5255321921568896,200,0.0,target_biased,50
ct_w4_i3,4,adam,False,-1,1.0098342328968073,1.0098342328968073,200,0.0,target_biased,101
ct_w4_i3,4,armijo_gd,False,-1,1.0028362673963311,1.0028362673963311,399,0.0,target_biased,101
ct_w4_i3,4,diagonal_fisher,False,-1,1.000000002877217,1.000000002877217,399,0.0,target_biased,101
ct_w4_i3,4,exact_natural,True,6,0.0659304383376806,0.0659304383376806,13,0.0,target_biased,101
ct_w4_i3,4,projected_adam,False,-1,1.9085417696854807,1.9085417696854807,200,0.0,target_biased,101
ct_w4_i3,4,ray_projected,False,-1,0.2599131563767418,0.2599131563767418,200,2.385936901131597,target_biased,101
ct_w4_i3,4,target_direction,False,-1,0.384399172329541,0.384399172329541,200,0.0,target_biased,101
ct_w4_i4,4,adam,True,43,0.0966043069639148,0.0966043069639148,44,0.0,target_biased,0
ct_w4_i4,4,armijo_gd,True,5,0.0932831233544195,0.0932831233544195,11,0.0,target_biased,0
ct_w4_i4,4,diagonal_fisher,True,3,0.0070475852101701,0.0070475852101701,7,0.0,target_biased,0
ct_w4_i4,4,exact_natural,True,5,0.0695762057989615,0.0695762057989615,11,0.0,target_biased,0
ct_w4_i4,4,projected_adam,False,-1,2.092201755276875,2.092201755276875,200,0.0,target_biased,0
ct_w4_i4,4,ray_projected,False,-1,0.1142023011396577,0.1142023011396577,200,1.9122564706216023,target_biased,0
ct_w4_i4,4,target_direction,False,-1,0.186350679042178,0.186350679042178,200,0.0,target_biased,0
ct_w4_i4,4,adam,True,47,0.0971641518602073,0.0971641518602073,48,0.0,target_biased,19
ct_w4_i4,4,armijo_gd,True,5,0.0972966923301594,0.0972966923301594,11,0.0,target_biased,19
ct_w4_i4,4,diagonal_fisher,True,2,0.0356412202541989,0.0356412202541989,5,0.0,target_biased,19
ct_w4_i4,4,exact_natural,True,5,0.0472875068068336,0.0472875068068336,11,0.0,target_biased,19
ct_w4_i4,4,projected_adam,False,-1,1.8648911271309512,1.8648911271309512,200,0.0,target_biased,19
ct_w4_i4,4,ray_projected,False,-1,0.1227875329103813,0.1227875329103813,200,2.2140122776700077,target_biased,19
ct_w4_i4,4,target_direction,False,-1,0.1298352090952761,0.1298352090952761,200,0.0,target_biased,19
ct_w4_i4,4,adam,True,43,0.0976824565347396,0.0976824565347396,44,0.0,target_biased,42
ct_w4_i4,4,armijo_gd,True,5,0.0944766591794241,0.0944766591794241,11,0.0,target_biased,42
ct_w4_i4,4,diagonal_fisher,True,2,0.0590462248736169,0.0590462248736169,5,0.0,target_biased,42
ct_w4_i4,4,exact_natural,True,5,0.0389469535588222,0.0389469535588222,11,0.0,target_biased,42
ct_w4_i4,4,projected_adam,False,-1,1.7420654231869488,1.7420654231869488,200,0.0,target_biased,42
ct_w4_i4,4,ray_projected,False,-1,0.1191772042010743,0.1191772042010743,200,1.8484529323852907,target_biased,42
ct_w4_i4,4,target_direction,False,-1,0.1074718318216341,0.1074718318216341,200,0.0,target_biased,42
ct_w4_i4,4,adam,True,48,0.0993718678215813,0.0993718678215813,49,0.0,target_biased,50
ct_w4_i4,4,armijo_gd,True,5,0.0951102507650478,0.0951102507650478,11,0.0,target_biased,50
ct_w4_i4,4,diagonal_fisher,True,3,0.0748411870304508,0.0748411870304508,7,0.0,target_biased,50
ct_w4_i4,4,exact_natural,True,5,0.0924169863785291,0.0924169863785291,11,0.0,target_biased,50
ct_w4_i4,4,projected_adam,False,-1,3.350877985382164,3.350877985382164,200,0.0,target_biased,50
ct_w4_i4,4,ray_projected,False,-1,0.117733101120562,0.117733101120562,200,2.288935585459212,target_biased,50
ct_w4_i4,4,target_direction,False,-1,0.2447433230199536,0.2447433230199536,200,0.0,target_biased,50
ct_w4_i4,4,adam,False,-1,1.0127068890609436,1.0127068890609436,200,0.0,target_biased,101
ct_w4_i4,4,armijo_gd,False,-1,1.0031026431531274,1.0031026431531274,399,0.0,target_biased,101
ct_w4_i4,4,diagonal_fisher,False,-1,1.0000000039973287,1.0000000039973287,399,0.0,target_biased,101
ct_w4_i4,4,exact_natural,True,5,0.0915220992548953,0.0915220992548953,11,0.0,target_biased,101
ct_w4_i4,4,projected_adam,False,-1,2.189032603203932,2.189032603203932,200,0.0,target_biased,101
ct_w4_i4,4,ray_projected,False,-1,0.1113502905746592,0.1113502905746592,200,2.544851484541118,target_biased,101
ct_w4_i4,4,target_direction,False,-1,0.2367618980169759,0.2367618980169759,200,0.0,target_biased,101
ct_w4_i5,4,adam,True,35,0.0963427764192879,0.0963427764192879,36,0.0,target_biased,0
ct_w4_i5,4,armijo_gd,True,4,0.0991926693278628,0.0991926693278628,9,0.0,target_biased,0
ct_w4_i5,4,diagonal_fisher,True,3,0.0141119199109454,0.0141119199109454,7,0.0,target_biased,0
ct_w4_i5,4,exact_natural,True,5,0.0488082554555635,0.0488082554555635,11,0.0,target_biased,0
ct_w4_i5,4,projected_adam,False,-1,1.3978326678886326,1.3978326678886326,200,0.0,target_biased,0
ct_w4_i5,4,ray_projected,False,-1,0.1485474187996587,0.1485474187996587,200,2.1299395719819465,target_biased,0
ct_w4_i5,4,target_direction,False,-1,0.1307779525672092,0.1307779525672092,200,0.0,target_biased,0
ct_w4_i5,4,adam,False,-1,1.010680200322872,1.010680200322872,200,0.0,target_biased,19
ct_w4_i5,4,armijo_gd,False,-1,1.0030697503349764,1.0030697503349764,399,0.0,target_biased,19
ct_w4_i5,4,diagonal_fisher,False,-1,1.0000000039870454,1.0000000039870454,399,0.0,target_biased,19
ct_w4_i5,4,exact_natural,True,8,0.0582021287580882,0.0582021287580882,17,0.0,target_biased,19
ct_w4_i5,4,projected_adam,False,-1,2.186564770822338,2.186564770822338,200,0.0,target_biased,19
ct_w4_i5,4,ray_projected,False,-1,0.1657920825268029,0.1657920825268029,200,2.144125350731038,target_biased,19
ct_w4_i5,4,target_direction,False,-1,0.8655017681477872,0.8655017681477872,200,0.0,target_biased,19
ct_w4_i5,4,adam,False,-1,1.010814391454728,1.010814391454728,200,0.0,target_biased,42
ct_w4_i5,4,armijo_gd,False,-1,1.00305152508108,1.00305152508108,399,0.0,target_biased,42
ct_w4_i5,4,diagonal_fisher,False,-1,1.000000003028843,1.000000003028843,399,0.0,target_biased,42
ct_w4_i5,4,exact_natural,True,6,0.0697747760911369,0.0697747760911369,13,0.0,target_biased,42
ct_w4_i5,4,projected_adam,False,-1,2.009537094392304,2.009537094392304,200,0.0,target_biased,42
ct_w4_i5,4,ray_projected,False,-1,0.1512599919077768,0.1512599919077768,200,1.81238961488598,target_biased,42
ct_w4_i5,4,target_direction,False,-1,0.4034138364001638,0.4034138364001638,200,0.0,target_biased,42
ct_w4_i5,4,adam,True,43,0.0982386569340789,0.0982386569340789,44,0.0,target_biased,50
ct_w4_i5,4,armijo_gd,True,6,0.0843366549954502,0.0843366549954502,13,0.0,target_biased,50
ct_w4_i5,4,diagonal_fisher,True,3,0.0051324347683365,0.0051324347683365,7,0.0,target_biased,50
ct_w4_i5,4,exact_natural,True,5,0.0542165842762099,0.0542165842762099,11,0.0,target_biased,50
ct_w4_i5,4,projected_adam,False,-1,1.627158387723325,1.627158387723325,200,0.0,target_biased,50
ct_w4_i5,4,ray_projected,False,-1,0.1554265429663281,0.1554265429663281,200,1.8319059068076824,target_biased,50
ct_w4_i5,4,target_direction,False,-1,0.1463972035195038,0.1463972035195038,200,0.0,target_biased,50
ct_w4_i5,4,adam,True,42,0.0967224486039022,0.0967224486039022,43,0.0,target_biased,101
ct_w4_i5,4,armijo_gd,True,5,0.0960741612707032,0.0960741612707032,11,0.0,target_biased,101
ct_w4_i5,4,diagonal_fisher,True,2,0.0580907790892002,0.0580907790892002,5,0.0,target_biased,101
ct_w4_i5,4,exact_natural,True,5,0.0412308343637644,0.0412308343637644,11,0.0,target_biased,101
ct_w4_i5,4,projected_adam,False,-1,1.54211403683302,1.54211403683302,200,0.0,target_biased,101
ct_w4_i5,4,ray_projected,False,-1,0.1565728739836949,0.1565728739836949,200,2.270680283859122,target_biased,101
ct_w4_i5,4,target_direction,False,-1,0.1131861468467665,0.1131861468467665,200,0.0,target_biased,101
ct_w5_i1,5,adam,True,31,0.0976632763244627,0.0976632763244627,32,0.0,target_biased,0
ct_w5_i1,5,armijo_gd,True,3,0.0926021471903268,0.0926021471903268,7,0.0,target_biased,0
ct_w5_i1,5,diagonal_fisher,True,2,0.0852004294071147,0.0852004294071147,5,0.0,target_biased,0
ct_w5_i1,5,exact_natural,True,5,0.0474758263562282,0.0474758263562282,11,0.0,target_biased,0
ct_w5_i1,5,projected_adam,False,-1,1.178685748507533,1.178685748507533,200,0.0,target_biased,0
ct_w5_i1,5,ray_projected,False,-1,0.1646884365602989,0.1646884365602989,200,2.1459769986331003,target_biased,0
ct_w5_i1,5,target_direction,False,-1,0.1268089138965162,0.1268089138965162,200,0.0,target_biased,0
ct_w5_i1,5,adam,False,-1,1.0061070257971585,1.0061070257971585,200,0.0,target_biased,19
ct_w5_i1,5,armijo_gd,False,-1,1.0021964096591294,1.0021964096591294,399,0.0,target_biased,19
ct_w5_i1,5,diagonal_fisher,False,-1,1.0000000020990765,1.0000000020990765,399,0.0,target_biased,19
ct_w5_i1,5,exact_natural,True,6,0.0641360791862055,0.0641360791862055,13,0.0,target_biased,19
ct_w5_i1,5,projected_adam,False,-1,1.935316731398048,1.935316731398048,200,0.0,target_biased,19
ct_w5_i1,5,ray_projected,False,-1,0.1805908265620708,0.1805908265620708,200,2.2186419701923485,target_biased,19
ct_w5_i1,5,target_direction,False,-1,0.3601853906518357,0.3601853906518357,200,0.0,target_biased,19
ct_w5_i1,5,adam,False,-1,1.008670131958823,1.008670131958823,200,0.0,target_biased,42
ct_w5_i1,5,armijo_gd,False,-1,1.002062620453561,1.002062620453561,399,0.0,target_biased,42
ct_w5_i1,5,diagonal_fisher,False,-1,1.0000000020339233,1.0000000020339233,399,0.0,target_biased,42
ct_w5_i1,5,exact_natural,True,6,0.0935022194352601,0.0935022194352601,13,0.0,target_biased,42
ct_w5_i1,5,projected_adam,False,-1,2.037413712869178,2.037413712869178,200,0.0,target_biased,42
ct_w5_i1,5,ray_projected,False,-1,0.1781849963531421,0.1781849963531421,200,1.8075017784980163,target_biased,42
ct_w5_i1,5,target_direction,False,-1,0.4766151192478975,0.4766151192478975,200,0.0,target_biased,42
ct_w5_i1,5,adam,False,-1,1.006917556355372,1.006917556355372,200,0.0,target_biased,50
ct_w5_i1,5,armijo_gd,False,-1,1.001960512078048,1.001960512078048,399,0.0,target_biased,50
ct_w5_i1,5,diagonal_fisher,False,-1,1.0000039415807225,1.0000039415807225,399,0.0,target_biased,50
ct_w5_i1,5,exact_natural,True,10,0.0625313161573561,0.0625313161573561,21,0.0,target_biased,50
ct_w5_i1,5,projected_adam,False,-1,1.557544697008607,1.557544697008607,200,0.0,target_biased,50
ct_w5_i1,5,ray_projected,False,-1,0.1643856391210043,0.1643856391210043,200,2.0939005735027694,target_biased,50
ct_w5_i1,5,target_direction,False,-1,0.9830004782152616,0.9830004782152616,200,0.0,target_biased,50
ct_w5_i1,5,adam,False,-1,1.005845532416732,1.005845532416732,200,0.0,target_biased,101
ct_w5_i1,5,armijo_gd,False,-1,1.001952164641022,1.001952164641022,399,0.0,target_biased,101
ct_w5_i1,5,diagonal_fisher,False,-1,1.0000000020185773,1.0000000020185773,399,0.0,target_biased,101
ct_w5_i1,5,exact_natural,True,8,0.0485928088816436,0.0485928088816436,17,0.0,target_biased,101
ct_w5_i1,5,projected_adam,False,-1,1.4201517892693063,1.4201517892693063,200,0.0,target_biased,101
ct_w5_i1,5,ray_projected,False,-1,0.1715068672171078,0.1715068672171078,200,2.388322238965649,target_biased,101
ct_w5_i1,5,target_direction,False,-1,0.7535473722431778,0.7535473722431778,200,0.0,target_biased,101
ct_w5_i2,5,adam,True,32,0.0961516360971632,0.0961516360971632,33,0.0,target_biased,0
ct_w5_i2,5,armijo_gd,True,4,0.0870464924293585,0.0870464924293585,9,0.0,target_biased,0
ct_w5_i2,5,diagonal_fisher,True,2,0.012616727738143,0.012616727738143,5,0.0,target_biased,0
ct_w5_i2,5,exact_natural,True,4,0.0353761540812556,0.0353761540812556,9,0.0,target_biased,0
ct_w5_i2,5,projected_adam,False,-1,1.0935254541647144,1.0935254541647144,200,0.0,target_biased,0
ct_w5_i2,5,ray_projected,False,-1,0.1003304775552749,0.1003304775552749,200,2.097160950656706,target_biased,0
ct_w5_i2,5,target_direction,True,153,0.0989796394787898,0.0989796394787898,154,0.0,target_biased,0
ct_w5_i2,5,adam,False,-1,2.00707520009088,2.00707520009088,200,0.0,target_biased,19
ct_w5_i2,5,armijo_gd,False,-1,2.0023940228113,2.0023940228113,399,0.0,target_biased,19
ct_w5_i2,5,diagonal_fisher,False,-1,2.00000000238704,2.00000000238704,399,0.0,target_biased,19
ct_w5_i2,5,exact_natural,True,5,0.0445236064097755,0.0445236064097755,11,0.0,target_biased,19
ct_w5_i2,5,projected_adam,False,-1,3.047995491770632,3.047995491770632,200,0.0,target_biased,19
ct_w5_i2,5,ray_projected,False,-1,0.1058598977533851,0.1058598977533851,200,2.2393828568538514,target_biased,19
ct_w5_i2,5,target_direction,False,-1,0.1425037596452938,0.1425037596452938,200,0.0,target_biased,19
ct_w5_i2,5,adam,False,-1,2.00769421512039,2.00769421512039,200,0.0,target_biased,42
ct_w5_i2,5,armijo_gd,False,-1,2.0023583795501985,2.0023583795501985,399,0.0,target_biased,42
ct_w5_i2,5,diagonal_fisher,False,-1,1.000000002278577,1.000000002278577,399,0.0,target_biased,42
ct_w5_i2,5,exact_natural,True,6,0.0380925075945608,0.0380925075945608,13,0.0,target_biased,42
ct_w5_i2,5,projected_adam,False,-1,2.888556969629565,2.888556969629565,200,0.0,target_biased,42
ct_w5_i2,5,ray_projected,True,199,0.0993546053382861,0.0993546053382861,200,1.7983421222077367,target_biased,42
ct_w5_i2,5,target_direction,False,-1,0.2864850502580598,0.2864850502580598,200,0.0,target_biased,42
ct_w5_i2,5,adam,False,-1,1.0093283921393343,1.0093283921393343,200,0.0,target_biased,50
ct_w5_i2,5,armijo_gd,False,-1,1.0023991830560703,1.0023991830560703,399,0.0,target_biased,50
ct_w5_i2,5,diagonal_fisher,False,-1,1.0000000026901663,1.0000000026901663,399,0.0,target_biased,50
ct_w5_i2,5,exact_natural,True,6,0.0701940598257024,0.0701940598257024,13,0.0,target_biased,50
ct_w5_i2,5,projected_adam,False,-1,2.161195964340358,2.161195964340358,200,0.0,target_biased,50
ct_w5_i2,5,ray_projected,False,-1,0.1026831379399375,0.1026831379399375,200,2.1971455089269862,target_biased,50
ct_w5_i2,5,target_direction,False,-1,0.378402990237225,0.378402990237225,200,0.0,target_biased,50
ct_w5_i2,5,adam,False,-1,1.010552337276291,1.010552337276291,200,0.0,target_biased,101
ct_w5_i2,5,armijo_gd,False,-1,1.0024294394124933,1.0024294394124933,399,0.0,target_biased,101
ct_w5_i2,5,diagonal_fisher,False,-1,1.000000002366333,1.000000002366333,399,0.0,target_biased,101
ct_w5_i2,5,exact_natural,True,6,0.0838978884124834,0.0838978884124834,13,0.0,target_biased,101
ct_w5_i2,5,projected_adam,False,-1,2.9167648446502064,2.9167648446502064,200,0.0,target_biased,101
ct_w5_i2,5,ray_projected,False,-1,0.1048850579779756,0.1048850579779756,200,2.3922998290468063,target_biased,101
ct_w5_i2,5,target_direction,False,-1,0.446139487155639,0.446139487155639,200,0.0,target_biased,101
ct_w5_i3,5,adam,True,33,0.0993312873945111,0.0993312873945111,34,0.0,target_biased,0
ct_w5_i3,5,armijo_gd,True,4,0.0935589869776301,0.0935589869776301,9,0.0,target_biased,0
ct_w5_i3,5,diagonal_fisher,True,3,0.0113742175002311,0.0113742175002311,7,0.0,target_biased,0
ct_w5_i3,5,exact_natural,True,5,0.0530192506783624,0.0530192506783624,11,0.0,target_biased,0
ct_w5_i3,5,projected_adam,False,-1,1.2721876796859188,1.2721876796859188,200,0.0,target_biased,0
ct_w5_i3,5,ray_projected,False,-1,0.1796773446027586,0.1796773446027586,200,1.7606711177718382,target_biased,0
ct_w5_i3,5,target_direction,False,-1,0.1391040324517245,0.1391040324517245,200,0.0,target_biased,0
ct_w5_i3,5,adam,False,-1,1.0066055108751737,1.0066055108751737,200,0.0,target_biased,19
ct_w5_i3,5,armijo_gd,False,-1,1.0025127993380067,1.0025127993380067,399,0.0,target_biased,19
ct_w5_i3,5,diagonal_fisher,False,-1,1.0000000022244286,1.0000000022244286,399,0.0,target_biased,19
ct_w5_i3,5,exact_natural,True,8,0.0565504356829063,0.0565504356829063,17,0.0,target_biased,19
ct_w5_i3,5,projected_adam,False,-1,1.958736673112812,1.958736673112812,200,0.0,target_biased,19
ct_w5_i3,5,ray_projected,False,-1,0.18634160197821,0.18634160197821,200,1.7238065718765014,target_biased,19
ct_w5_i3,5,target_direction,False,-1,0.812569880744066,0.812569880744066,200,0.0,target_biased,19
ct_w5_i3,5,adam,True,37,0.0938673018036251,0.0938673018036251,38,0.0,target_biased,42
ct_w5_i3,5,armijo_gd,True,4,0.0935755656191066,0.0935755656191066,9,0.0,target_biased,42
ct_w5_i3,5,diagonal_fisher,True,3,0.0158739234146363,0.0158739234146363,7,0.0,target_biased,42
ct_w5_i3,5,exact_natural,True,5,0.0390442999100262,0.0390442999100262,11,0.0,target_biased,42
ct_w5_i3,5,projected_adam,False,-1,1.9590743817805285,1.9590743817805285,200,0.0,target_biased,42
ct_w5_i3,5,ray_projected,False,-1,0.1892176858338032,0.1892176858338032,200,1.6425438950280804,target_biased,42
ct_w5_i3,5,target_direction,False,-1,0.1119715385381017,0.1119715385381017,200,0.0,target_biased,42
ct_w5_i3,5,adam,True,30,0.093674159064335,0.093674159064335,31,0.0,target_biased,50
ct_w5_i3,5,armijo_gd,True,4,0.0746343503480506,0.0746343503480506,9,0.0,target_biased,50
ct_w5_i3,5,diagonal_fisher,True,3,0.0067493194821359,0.0067493194821359,7,0.0,target_biased,50
ct_w5_i3,5,exact_natural,True,5,0.0402145725624425,0.0402145725624425,11,0.0,target_biased,50
ct_w5_i3,5,projected_adam,False,-1,1.9260010818403772,1.9260010818403772,200,0.0,target_biased,50
ct_w5_i3,5,ray_projected,False,-1,0.1789046213318244,0.1789046213318244,200,1.9954917615339856,target_biased,50
ct_w5_i3,5,target_direction,False,-1,0.110692115529563,0.110692115529563,200,0.0,target_biased,50
ct_w5_i3,5,adam,True,34,0.0949384490686799,0.0949384490686799,35,0.0,target_biased,101
ct_w5_i3,5,armijo_gd,True,4,0.0964512069773722,0.0964512069773722,9,0.0,target_biased,101
ct_w5_i3,5,diagonal_fisher,True,3,0.0071604419420125,0.0071604419420125,7,0.0,target_biased,101
ct_w5_i3,5,exact_natural,True,4,0.0729334513674491,0.0729334513674491,9,0.0,target_biased,101
ct_w5_i3,5,projected_adam,False,-1,2.020476828793063,2.020476828793063,200,0.0,target_biased,101
ct_w5_i3,5,ray_projected,False,-1,0.1791324800073539,0.1791324800073539,200,2.174260955522849,target_biased,101
ct_w5_i3,5,target_direction,True,186,0.0987353176767733,0.0987353176767733,187,0.0,target_biased,101
ct_w5_i4,5,adam,True,34,0.0991384201749774,0.0991384201749774,35,0.0,target_biased,0
ct_w5_i4,5,armijo_gd,True,3,0.097509289216731,0.097509289216731,7,0.0,target_biased,0
ct_w5_i4,5,diagonal_fisher,True,2,0.0162260451754843,0.0162260451754843,5,0.0,target_biased,0
ct_w5_i4,5,exact_natural,True,4,0.0797024394771082,0.0797024394771082,9,0.0,target_biased,0
ct_w5_i4,5,projected_adam,False,-1,1.2889484734929706,1.2889484734929706,200,0.0,target_biased,0
ct_w5_i4,5,ray_projected,False,-1,0.116288028551402,0.116288028551402,200,2.076696420174596,target_biased,0
ct_w5_i4,5,target_direction,True,189,0.0992912481969767,0.0992912481969767,190,0.0,target_biased,0
ct_w5_i4,5,adam,False,-1,1.0100441694274256,1.0100441694274256,200,0.0,target_biased,19
ct_w5_i4,5,armijo_gd,False,-1,1.002633965741584,1.002633965741584,399,0.0,target_biased,19
ct_w5_i4,5,diagonal_fisher,False,-1,1.0000000027421283,1.0000000027421283,399,0.0,target_biased,19
ct_w5_i4,5,exact_natural,True,8,0.0518047396568803,0.0518047396568803,17,0.0,target_biased,19
ct_w5_i4,5,projected_adam,False,-1,2.2469381532043027,2.2469381532043027,200,0.0,target_biased,19
ct_w5_i4,5,ray_projected,False,-1,0.1393045030383746,0.1393045030383746,200,2.289031866465308,target_biased,19
ct_w5_i4,5,target_direction,False,-1,0.8145057878160618,0.8145057878160618,200,0.0,target_biased,19
ct_w5_i4,5,adam,False,-1,1.0103383733399518,1.0103383733399518,200,0.0,target_biased,42
ct_w5_i4,5,armijo_gd,False,-1,1.0026534491037946,1.0026534491037946,399,0.0,target_biased,42
ct_w5_i4,5,diagonal_fisher,False,-1,1.0000000024821176,1.0000000024821176,399,0.0,target_biased,42
ct_w5_i4,5,exact_natural,True,5,0.0858619365074648,0.0858619365074648,11,0.0,target_biased,42
ct_w5_i4,5,projected_adam,False,-1,1.940671625427804,1.940671625427804,200,0.0,target_biased,42
ct_w5_i4,5,ray_projected,False,-1,0.1337499852217476,0.1337499852217476,200,1.7758740695450783,target_biased,42
ct_w5_i4,5,target_direction,False,-1,0.2383185099015534,0.2383185099015534,200,0.0,target_biased,42
ct_w5_i4,5,adam,False,-1,1.0096754690629035,1.0096754690629035,200,0.0,target_biased,50
ct_w5_i4,5,armijo_gd,False,-1,1.002711640337372,1.002711640337372,399,0.0,target_biased,50
ct_w5_i4,5,diagonal_fisher,False,-1,1.0000000025002116,1.0000000025002116,399,0.0,target_biased,50
ct_w5_i4,5,exact_natural,True,6,0.0848885468443985,0.0848885468443985,13,0.0,target_biased,50
ct_w5_i4,5,projected_adam,False,-1,2.7528127966103177,2.7528127966103177,200,0.0,target_biased,50
ct_w5_i4,5,ray_projected,False,-1,0.1224123970351236,0.1224123970351236,200,2.126618390184161,target_biased,50
ct_w5_i4,5,target_direction,False,-1,0.4612927156674278,0.4612927156674278,200,0.0,target_biased,50
ct_w5_i4,5,adam,False,-1,1.010277612246444,1.010277612246444,200,0.0,target_biased,101
ct_w5_i4,5,armijo_gd,False,-1,1.002585640597589,1.002585640597589,399,0.0,target_biased,101
ct_w5_i4,5,diagonal_fisher,False,-1,1.00000000248564,1.00000000248564,399,0.0,target_biased,101
ct_w5_i4,5,exact_natural,True,6,0.0665653112068405,0.0665653112068405,13,0.0,target_biased,101
ct_w5_i4,5,projected_adam,False,-1,2.140238580632948,2.140238580632948,200,0.0,target_biased,101
ct_w5_i4,5,ray_projected,False,-1,0.12705849302702,0.12705849302702,200,2.4194683823792253,target_biased,101
ct_w5_i4,5,target_direction,False,-1,0.3787094200594367,0.3787094200594367,200,0.0,target_biased,101
ct_w5_i5,5,adam,True,29,0.0945549231404978,0.0945549231404978,30,0.0,target_biased,0
ct_w5_i5,5,armijo_gd,True,2,0.0963713433200208,0.0963713433200208,5,0.0,target_biased,0
ct_w5_i5,5,diagonal_fisher,True,2,0.0169863877347147,0.0169863877347147,5,0.0,target_biased,0
ct_w5_i5,5,exact_natural,True,4,0.0656351862467019,0.0656351862467019,9,0.0,target_biased,0
ct_w5_i5,5,projected_adam,False,-1,1.0389168455128956,1.0389168455128956,200,0.0,target_biased,0
ct_w5_i5,5,ray_projected,False,-1,0.1780716317903881,0.1780716317903881,200,2.0860086120448087,target_biased,0
ct_w5_i5,5,target_direction,True,180,0.0980882364914776,0.0980882364914776,181,0.0,target_biased,0
ct_w5_i5,5,adam,False,-1,1.0089502245105262,1.0089502245105262,200,0.0,target_biased,19
ct_w5_i5,5,armijo_gd,False,-1,1.0024211136627486,1.0024211136627486,399,0.0,target_biased,19
ct_w5_i5,5,diagonal_fisher,True,5,0.0079255591225511,0.0079255591225511,11,0.0,target_biased,19
ct_w5_i5,5,exact_natural,True,5,0.0781570141379734,0.0781570141379734,11,0.0,target_biased,19
ct_w5_i5,5,projected_adam,False,-1,1.6895046185497336,1.6895046185497336,200,0.0,target_biased,19
ct_w5_i5,5,ray_projected,False,-1,0.1827379818963024,0.1827379818963024,200,1.8172895531659945,target_biased,19
ct_w5_i5,5,target_direction,False,-1,0.2066716572658364,0.2066716572658364,200,0.0,target_biased,19
ct_w5_i5,5,adam,False,-1,1.007284408329598,1.007284408329598,200,0.0,target_biased,42
ct_w5_i5,5,armijo_gd,False,-1,1.0023782167036064,1.0023782167036064,399,0.0,target_biased,42
ct_w5_i5,5,diagonal_fisher,False,-1,1.0000000022381297,1.0000000022381297,399,0.0,target_biased,42
ct_w5_i5,5,exact_natural,True,5,0.0951861263553368,0.0951861263553368,11,0.0,target_biased,42
ct_w5_i5,5,projected_adam,False,-1,1.8345396906727096,1.8345396906727096,200,0.0,target_biased,42
ct_w5_i5,5,ray_projected,False,-1,0.1756238791664728,0.1756238791664728,200,1.7321648721050922,target_biased,42
ct_w5_i5,5,target_direction,False,-1,0.2367910189005755,0.2367910189005755,200,0.0,target_biased,42
ct_w5_i5,5,adam,True,28,0.0967725372780492,0.0967725372780492,29,0.0,target_biased,50
ct_w5_i5,5,armijo_gd,True,3,0.097688727109956,0.097688727109956,7,0.0,target_biased,50
ct_w5_i5,5,diagonal_fisher,True,2,0.0193149879089506,0.0193149879089506,5,0.0,target_biased,50
ct_w5_i5,5,exact_natural,True,4,0.0926387110766153,0.0926387110766153,9,0.0,target_biased,50
ct_w5_i5,5,projected_adam,False,-1,1.3447791815911323,1.3447791815911323,200,0.0,target_biased,50
ct_w5_i5,5,ray_projected,False,-1,0.1742978733660543,0.1742978733660543,200,1.87917409204785,target_biased,50
ct_w5_i5,5,target_direction,True,197,0.0982722516292629,0.0982722516292629,198,0.0,target_biased,50
ct_w5_i5,5,adam,False,-1,1.0072905229867075,1.0072905229867075,200,0.0,target_biased,101
ct_w5_i5,5,armijo_gd,False,-1,1.0024947364405143,1.0024947364405143,399,0.0,target_biased,101
ct_w5_i5,5,diagonal_fisher,False,-1,1.0000000023568596,1.0000000023568596,399,0.0,target_biased,101
ct_w5_i5,5,exact_natural,True,7,0.0870221746146491,0.0870221746146491,15,0.0,target_biased,101
ct_w5_i5,5,projected_adam,False,-1,1.806571037527295,1.806571037527295,200,0.0,target_biased,101
ct_w5_i5,5,ray_projected,False,-1,0.1719985798199488,0.1719985798199488,200,2.136413548219022,target_biased,101
ct_w5_i5,5,target_direction,False,-1,0.68837914016353,0.68837914016353,200,0.0,target_biased,101
ct_w6_i1,6,adam,False,-1,1.0065294457164171,1.0065294457164171,200,0.0,target_biased,0
ct_w6_i1,6,armijo_gd,False,-1,1.0021379614123005,1.0021379614123005,399,0.0,target_biased,0
ct_w6_i1,6,diagonal_fisher,False,-1,1.000000478337606,1.000000478337606,399,0.0,target_biased,0
ct_w6_i1,6,exact_natural,True,5,0.0581964477865479,0.0581964477865479,11,0.0,target_biased,0
ct_w6_i1,6,projected_adam,False,-1,1.3793744107108132,1.3793744107108132,200,0.0,target_biased,0
ct_w6_i1,6,ray_projected,False,-1,0.1539439657474446,0.1539439657474446,200,2.0086956257474884,target_biased,0
ct_w6_i1,6,target_direction,False,-1,0.1530195095364739,0.1530195095364739,200,0.0,target_biased,0
ct_w6_i1,6,adam,False,-1,1.0068932654445195,1.0068932654445195,200,0.0,target_biased,19
ct_w6_i1,6,armijo_gd,False,-1,1.0020521648863436,1.0020521648863436,399,0.0,target_biased,19
ct_w6_i1,6,diagonal_fisher,False,-1,1.0000000023958986,1.0000000023958986,399,0.0,target_biased,19
ct_w6_i1,6,exact_natural,True,6,0.0724498313973658,0.0724498313973658,13,0.0,target_biased,19
ct_w6_i1,6,projected_adam,False,-1,1.348258488631398,1.348258488631398,200,0.0,target_biased,19
ct_w6_i1,6,ray_projected,False,-1,0.1755804237314873,0.1755804237314873,200,2.25590475647179,target_biased,19
ct_w6_i1,6,target_direction,False,-1,0.3832085065798303,0.3832085065798303,200,0.0,target_biased,19
ct_w6_i1,6,adam,False,-1,1.0075195384403148,1.0075195384403148,200,0.0,target_biased,42
ct_w6_i1,6,armijo_gd,False,-1,1.0022533069054589,1.0022533069054589,399,0.0,target_biased,42
ct_w6_i1,6,diagonal_fisher,False,-1,1.0000000034985703,1.0000000034985703,399,0.0,target_biased,42
ct_w6_i1,6,exact_natural,True,6,0.0580463822862711,0.0580463822862711,13,0.0,target_biased,42
ct_w6_i1,6,projected_adam,False,-1,2.8505237894669087,2.8505237894669087,200,0.0,target_biased,42
ct_w6_i1,6,ray_projected,False,-1,0.166314748825906,0.166314748825906,200,1.537854843387253,target_biased,42
ct_w6_i1,6,target_direction,False,-1,0.3313168241222897,0.3313168241222897,200,0.0,target_biased,42
ct_w6_i1,6,adam,False,-1,1.009835964496638,1.009835964496638,200,0.0,target_biased,50
ct_w6_i1,6,armijo_gd,False,-1,1.0022205704495235,1.0022205704495235,399,0.0,target_biased,50
ct_w6_i1,6,diagonal_fisher,False,-1,1.0000000027944915,1.0000000027944915,399,0.0,target_biased,50
ct_w6_i1,6,exact_natural,True,7,0.0428603080586587,0.0428603080586587,15,0.0,target_biased,50
ct_w6_i1,6,projected_adam,False,-1,1.9462296678795408,1.9462296678795408,200,0.0,target_biased,50
ct_w6_i1,6,ray_projected,False,-1,0.172457931080519,0.172457931080519,200,2.040052959140381,target_biased,50
ct_w6_i1,6,target_direction,False,-1,0.5124382553917783,0.5124382553917783,200,0.0,target_biased,50
ct_w6_i1,6,adam,False,-1,1.005878104633231,1.005878104633231,200,0.0,target_biased,101
ct_w6_i1,6,armijo_gd,False,-1,1.0021217724399172,1.0021217724399172,399,0.0,target_biased,101
ct_w6_i1,6,diagonal_fisher,False,-1,1.0000214504150602,1.0000214504150602,399,0.0,target_biased,101
ct_w6_i1,6,exact_natural,True,7,0.0424941732367702,0.0424941732367702,15,0.0,target_biased,101
ct_w6_i1,6,projected_adam,False,-1,1.8273418524979557,1.8273418524979557,200,0.0,target_biased,101
ct_w6_i1,6,ray_projected,False,-1,0.1691963100721096,0.1691963100721096,200,2.530929136559719,target_biased,101
ct_w6_i1,6,target_direction,False,-1,0.5029976982665687,0.5029976982665687,200,0.0,target_biased,101
ct_w6_i2,6,adam,True,27,0.0937404918824516,0.0937404918824516,28,0.0,target_biased,0
ct_w6_i2,6,armijo_gd,True,2,0.0695740307240324,0.0695740307240324,5,0.0,target_biased,0
ct_w6_i2,6,diagonal_fisher,True,2,0.0057840172368148,0.0057840172368148,5,0.0,target_biased,0
ct_w6_i2,6,exact_natural,True,4,0.070554326383915,0.070554326383915,9,0.0,target_biased,0
ct_w6_i2,6,projected_adam,False,-1,2.08129557828987,2.08129557828987,200,0.0,target_biased,0
ct_w6_i2,6,ray_projected,False,-1,0.1170965701599264,0.1170965701599264,200,2.1877026179432018,target_biased,0
ct_w6_i2,6,target_direction,True,184,0.0998146440706033,0.0998146440706033,185,0.0,target_biased,0
ct_w6_i2,6,adam,False,-1,1.0077459771227932,1.0077459771227932,200,0.0,target_biased,19
ct_w6_i2,6,armijo_gd,False,-1,1.0024521315409984,1.0024521315409984,399,0.0,target_biased,19
ct_w6_i2,6,diagonal_fisher,False,-1,1.0000000024474538,1.0000000024474538,399,0.0,target_biased,19
ct_w6_i2,6,exact_natural,True,7,0.0914615314046365,0.0914615314046365,15,0.0,target_biased,19
ct_w6_i2,6,projected_adam,False,-1,2.4064852671394696,2.4064852671394696,200,0.0,target_biased,19
ct_w6_i2,6,ray_projected,False,-1,0.1262952478860928,0.1262952478860928,200,2.038102012766989,target_biased,19
ct_w6_i2,6,target_direction,False,-1,0.7031857603001903,0.7031857603001903,200,0.0,target_biased,19
ct_w6_i2,6,adam,False,-1,1.0077122891065162,1.0077122891065162,200,0.0,target_biased,42
ct_w6_i2,6,armijo_gd,False,-1,1.00245672579139,1.00245672579139,399,0.0,target_biased,42
ct_w6_i2,6,diagonal_fisher,False,-1,1.0000000046043436,1.0000000046043436,399,0.0,target_biased,42
ct_w6_i2,6,exact_natural,True,7,0.0422529995107527,0.0422529995107527,15,0.0,target_biased,42
ct_w6_i2,6,projected_adam,False,-1,2.639994777795461,2.639994777795461,200,0.0,target_biased,42
ct_w6_i2,6,ray_projected,False,-1,0.1254841635594239,0.1254841635594239,200,1.669306206485203,target_biased,42
ct_w6_i2,6,target_direction,False,-1,0.5192239025240344,0.5192239025240344,200,0.0,target_biased,42
ct_w6_i2,6,adam,True,30,0.0965048066121543,0.0965048066121543,31,0.0,target_biased,50
ct_w6_i2,6,armijo_gd,True,3,0.0977898440132101,0.0977898440132101,7,0.0,target_biased,50
ct_w6_i2,6,diagonal_fisher,True,2,0.0201604141949207,0.0201604141949207,5,0.0,target_biased,50
ct_w6_i2,6,exact_natural,True,4,0.0959075325998455,0.0959075325998455,9,0.0,target_biased,50
ct_w6_i2,6,projected_adam,False,-1,3.058286989203882,3.058286989203882,200,0.0,target_biased,50
ct_w6_i2,6,ray_projected,False,-1,0.1230393042403577,0.1230393042403577,200,2.366657455297364,target_biased,50
ct_w6_i2,6,target_direction,True,198,0.0997438880027559,0.0997438880027559,199,0.0,target_biased,50
ct_w6_i2,6,adam,True,35,0.0976615148144173,0.0976615148144173,36,0.0,target_biased,101
ct_w6_i2,6,armijo_gd,True,2,0.0997806758125054,0.0997806758125054,5,0.0,target_biased,101
ct_w6_i2,6,diagonal_fisher,True,2,0.009851998767786,0.009851998767786,5,0.0,target_biased,101
ct_w6_i2,6,exact_natural,True,4,0.0517332443325475,0.0517332443325475,9,0.0,target_biased,101
ct_w6_i2,6,projected_adam,False,-1,0.9944872615855368,0.9944872615855368,200,0.0,target_biased,101
ct_w6_i2,6,ray_projected,False,-1,0.1227303813601707,0.1227303813601707,200,2.3009719346526296,target_biased,101
ct_w6_i2,6,target_direction,True,167,0.0994790077232998,0.0994790077232998,168,0.0,target_biased,101
ct_w6_i3,6,adam,False,-1,1.0064398554884129,1.0064398554884129,200,0.0,target_biased,0
ct_w6_i3,6,armijo_gd,False,-1,1.002073755438451,1.002073755438451,399,0.0,target_biased,0
ct_w6_i3,6,diagonal_fisher,False,-1,1.0000000063939396,1.0000000063939396,399,0.0,target_biased,0
ct_w6_i3,6,exact_natural,True,5,0.0747558195293898,0.0747558195293898,11,0.0,target_biased,0
ct_w6_i3,6,projected_adam,False,-1,1.7750308207526049,1.7750308207526049,200,0.0,target_biased,0
ct_w6_i3,6,ray_projected,False,-1,0.1360526725968185,0.1360526725968185,200,1.954606390395663,target_biased,0
ct_w6_i3,6,target_direction,False,-1,0.1914333360858542,0.1914333360858542,200,0.0,target_biased,0
ct_w6_i3,6,adam,False,-1,1.0084410754866386,1.0084410754866386,200,0.0,target_biased,19
ct_w6_i3,6,armijo_gd,False,-1,2.002133633829942,2.002133633829942,399,0.0,target_biased,19
ct_w6_i3,6,diagonal_fisher,False,-1,2.000000002159675,2.000000002159675,399,0.0,target_biased,19
ct_w6_i3,6,exact_natural,True,7,0.0407879677503846,0.0407879677503846,15,0.0,target_biased,19
ct_w6_i3,6,projected_adam,False,-1,3.274253143880813,3.274253143880813,200,0.0,target_biased,19
ct_w6_i3,6,ray_projected,False,-1,0.1518239020898431,0.1518239020898431,200,2.166036474683702,target_biased,19
ct_w6_i3,6,target_direction,False,-1,0.545402146653819,0.545402146653819,200,0.0,target_biased,19
ct_w6_i3,6,adam,False,-1,1.0069533507535553,1.0069533507535553,200,0.0,target_biased,42
ct_w6_i3,6,armijo_gd,True,7,0.0691550227924597,0.0691550227924597,15,0.0,target_biased,42
ct_w6_i3,6,diagonal_fisher,True,4,0.0212287915687348,0.0212287915687348,9,0.0,target_biased,42
ct_w6_i3,6,exact_natural,True,5,0.0699619655791448,0.0699619655791448,11,0.0,target_biased,42
ct_w6_i3,6,projected_adam,False,-1,2.559058494645452,2.559058494645452,200,0.0,target_biased,42
ct_w6_i3,6,ray_projected,False,-1,0.15412162232262,0.15412162232262,200,1.8466285813687493,target_biased,42
ct_w6_i3,6,target_direction,False,-1,0.1871636859077483,0.1871636859077483,200,0.0,target_biased,42
ct_w6_i3,6,adam,False,-1,1.0066456823679548,1.0066456823679548,200,0.0,target_biased,50
ct_w6_i3,6,armijo_gd,False,-1,1.002085525120961,1.002085525120961,399,0.0,target_biased,50
ct_w6_i3,6,diagonal_fisher,False,-1,1.0000033063820697,1.0000033063820697,399,0.0,target_biased,50
ct_w6_i3,6,exact_natural,True,4,0.0877743576853919,0.0877743576853919,9,0.0,target_biased,50
ct_w6_i3,6,projected_adam,False,-1,1.6672205883038096,1.6672205883038096,200,0.0,target_biased,50
ct_w6_i3,6,ray_projected,False,-1,0.1426736722237276,0.1426736722237276,200,2.075366618155652,target_biased,50
ct_w6_i3,6,target_direction,True,194,0.098929927140805,0.098929927140805,195,0.0,target_biased,50
ct_w6_i3,6,adam,False,-1,1.008178800935628,1.008178800935628,200,0.0,target_biased,101
ct_w6_i3,6,armijo_gd,False,-1,1.0020803577858732,1.0020803577858732,399,0.0,target_biased,101
ct_w6_i3,6,diagonal_fisher,False,-1,1.0000000021480293,1.0000000021480293,399,0.0,target_biased,101
ct_w6_i3,6,exact_natural,True,8,0.0559615251194252,0.0559615251194252,17,0.0,target_biased,101
ct_w6_i3,6,projected_adam,False,-1,2.1927627971037964,2.1927627971037964,200,0.0,target_biased,101
ct_w6_i3,6,ray_projected,False,-1,0.1524789875669885,0.1524789875669885,200,2.481421757951215,target_biased,101
ct_w6_i3,6,target_direction,False,-1,0.8421631730970951,0.8421631730970951,200,0.0,target_biased,101
ct_w6_i4,6,adam,True,27,0.0971753603456484,0.0971753603456484,28,0.0,target_biased,0
ct_w6_i4,6,armijo_gd,True,2,0.0714607156064897,0.0714607156064897,5,0.0,target_biased,0
ct_w6_i4,6,diagonal_fisher,True,1,0.0686436550944531,0.0686436550944531,3,0.0,target_biased,0
ct_w6_i4,6,exact_natural,True,3,0.0671849037581466,0.0671849037581466,7,0.0,target_biased,0
ct_w6_i4,6,projected_adam,False,-1,0.6919890526224641,0.6919890526224641,200,0.0,target_biased,0
ct_w6_i4,6,ray_projected,False,-1,0.1005824939307675,0.1005824939307675,200,2.1921977707979114,target_biased,0
ct_w6_i4,6,target_direction,True,131,0.0999064425980993,0.0999064425980993,132,0.0,target_biased,0
ct_w6_i4,6,adam,False,-1,1.0098469859918584,1.0098469859918584,200,0.0,target_biased,19
ct_w6_i4,6,armijo_gd,False,-1,1.0024061214488371,1.0024061214488371,399,0.0,target_biased,19
ct_w6_i4,6,diagonal_fisher,False,-1,1.0000000024203377,1.0000000024203377,399,0.0,target_biased,19
ct_w6_i4,6,exact_natural,True,9,0.0753467896398021,0.0753467896398021,19,0.0,target_biased,19
ct_w6_i4,6,projected_adam,False,-1,1.9666139460195868,1.9666139460195868,200,0.0,target_biased,19
ct_w6_i4,6,ray_projected,False,-1,0.1082116963662542,0.1082116963662542,200,2.324857975796036,target_biased,19
ct_w6_i4,6,target_direction,False,-1,0.960817175695098,0.960817175695098,200,0.0,target_biased,19
ct_w6_i4,6,adam,False,-1,1.011314182447391,1.011314182447391,200,0.0,target_biased,42
ct_w6_i4,6,armijo_gd,False,-1,1.0025449264869142,1.0025449264869142,399,0.0,target_biased,42
ct_w6_i4,6,diagonal_fisher,False,-1,1.0000000024748132,1.0000000024748132,399,0.0,target_biased,42
ct_w6_i4,6,exact_natural,True,5,0.0563624539601494,0.0563624539601494,11,0.0,target_biased,42
ct_w6_i4,6,projected_adam,False,-1,2.871783651220813,2.871783651220813,200,0.0,target_biased,42
ct_w6_i4,6,ray_projected,False,-1,0.1124032162547408,0.1124032162547408,200,1.8847826213414691,target_biased,42
ct_w6_i4,6,target_direction,False,-1,0.1563408895935669,0.1563408895935669,200,0.0,target_biased,42
ct_w6_i4,6,adam,False,-1,1.010264592200583,1.010264592200583,200,0.0,target_biased,50
ct_w6_i4,6,armijo_gd,True,5,0.066594304039528,0.066594304039528,11,0.0,target_biased,50
ct_w6_i4,6,diagonal_fisher,True,4,0.0049600749756386,0.0049600749756386,9,0.0,target_biased,50
ct_w6_i4,6,exact_natural,True,5,0.0571183242826176,0.0571183242826176,11,0.0,target_biased,50
ct_w6_i4,6,projected_adam,False,-1,2.3128978575965498,2.3128978575965498,200,0.0,target_biased,50
ct_w6_i4,6,ray_projected,False,-1,0.1080191283498326,0.1080191283498326,200,2.1903802692846046,target_biased,50
ct_w6_i4,6,target_direction,False,-1,0.1549967993684671,0.1549967993684671,200,0.0,target_biased,50
ct_w6_i4,6,adam,False,-1,1.0083574767046226,1.0083574767046226,200,0.0,target_biased,101
ct_w6_i4,6,armijo_gd,False,-1,1.002399194166589,1.002399194166589,399,0.0,target_biased,101
ct_w6_i4,6,diagonal_fisher,False,-1,1.0000000025604423,1.0000000025604423,399,0.0,target_biased,101
ct_w6_i4,6,exact_natural,True,5,0.0933268545213223,0.0933268545213223,11,0.0,target_biased,101
ct_w6_i4,6,projected_adam,False,-1,1.7751617803573332,1.7751617803573332,200,0.0,target_biased,101
ct_w6_i4,6,ray_projected,False,-1,0.1084001913764396,0.1084001913764396,200,2.2676827684518046,target_biased,101
ct_w6_i4,6,target_direction,False,-1,0.2337847939225596,0.2337847939225596,200,0.0,target_biased,101
ct_w6_i5,6,adam,True,35,0.0945288767161969,0.0945288767161969,36,0.0,target_biased,0
ct_w6_i5,6,armijo_gd,True,4,0.0837482294630849,0.0837482294630849,9,0.0,target_biased,0
ct_w6_i5,6,diagonal_fisher,True,3,0.0072236438594206,0.0072236438594206,7,0.0,target_biased,0
ct_w6_i5,6,exact_natural,True,5,0.0528532565295343,0.0528532565295343,11,0.0,target_biased,0
ct_w6_i5,6,projected_adam,False,-1,2.691298541238776,2.691298541238776,200,0.0,target_biased,0
ct_w6_i5,6,ray_projected,False,-1,0.1011049187737196,0.1011049187737196,200,1.899593009519173,target_biased,0
ct_w6_i5,6,target_direction,False,-1,0.1408293995408716,0.1408293995408716,200,0.0,target_biased,0
ct_w6_i5,6,adam,False,-1,2.0076385143121698,2.0076385143121698,200,0.0,target_biased,19
ct_w6_i5,6,armijo_gd,True,8,0.0837828250500987,0.0837828250500987,17,0.0,target_biased,19
ct_w6_i5,6,diagonal_fisher,True,5,0.0675996232631064,0.0675996232631064,11,0.0,target_biased,19
ct_w6_i5,6,exact_natural,True,5,0.0581235875689483,0.0581235875689483,11,0.0,target_biased,19
ct_w6_i5,6,projected_adam,False,-1,2.552417190509404,2.552417190509404,200,0.0,target_biased,19
ct_w6_i5,6,ray_projected,False,-1,0.110936951747286,0.110936951747286,200,2.082888336047836,target_biased,19
ct_w6_i5,6,target_direction,False,-1,0.1672997863005392,0.1672997863005392,200,0.0,target_biased,19
ct_w6_i5,6,adam,True,33,0.0980629631853204,0.0980629631853204,34,0.0,target_biased,42
ct_w6_i5,6,armijo_gd,True,4,0.0953483734785383,0.0953483734785383,9,0.0,target_biased,42
ct_w6_i5,6,diagonal_fisher,True,2,0.0202497198083033,0.0202497198083033,5,0.0,target_biased,42
ct_w6_i5,6,exact_natural,True,4,0.0730231196233397,0.0730231196233397,9,0.0,target_biased,42
ct_w6_i5,6,projected_adam,False,-1,1.240701053388193,1.240701053388193,200,0.0,target_biased,42
ct_w6_i5,6,ray_projected,False,-1,0.1084019155204139,0.1084019155204139,200,1.8020516784996952,target_biased,42
ct_w6_i5,6,target_direction,True,185,0.0987662934393984,0.0987662934393984,186,0.0,target_biased,42
ct_w6_i5,6,adam,False,-1,2.006441477541543,2.006441477541543,200,0.0,target_biased,50
ct_w6_i5,6,armijo_gd,False,-1,2.00219735803992,2.00219735803992,399,0.0,target_biased,50
ct_w6_i5,6,diagonal_fisher,False,-1,2.000000002235849,2.000000002235849,399,0.0,target_biased,50
ct_w6_i5,6,exact_natural,True,5,0.0342848313819779,0.0342848313819779,11,0.0,target_biased,50
ct_w6_i5,6,projected_adam,False,-1,2.477682654382349,2.477682654382349,200,0.0,target_biased,50
ct_w6_i5,6,ray_projected,False,-1,0.1027866513594215,0.1027866513594215,200,2.144908234064992,target_biased,50
ct_w6_i5,6,target_direction,False,-1,0.1145423416586588,0.1145423416586588,200,0.0,target_biased,50
ct_w6_i5,6,adam,False,-1,1.0068227810383146,1.0068227810383146,200,0.0,target_biased,101
ct_w6_i5,6,armijo_gd,False,-1,1.0023320665079094,1.0023320665079094,399,0.0,target_biased,101
ct_w6_i5,6,diagonal_fisher,False,-1,1.000000003229136,1.000000003229136,399,0.0,target_biased,101
ct_w6_i5,6,exact_natural,True,5,0.0451463265843816,0.0451463265843816,11,0.0,target_biased,101
ct_w6_i5,6,projected_adam,False,-1,2.5335389407100344,2.5335389407100344,200,0.0,target_biased,101
ct_w6_i5,6,ray_projected,False,-1,0.1009352531938141,0.1009352531938141,200,2.118733259921341,target_biased,101
ct_w6_i5,6,target_direction,False,-1,0.128832733769272,0.128832733769272,200,0.0,target_biased,101
