instance_id,graph,method,initialization,seed,success,first_success_step,minimum_normalized_gap,final_step,final_gap,final_normalized_gap,final_pstar,final_dominant_probability,final_dominant_gap,final_gradient_rms,final_gradient_ratio,final_fisher_condition,final_fisher_rank,final_target_cosine,final_transverse_ratio,boundary_trap,mean_accepted_alpha
ising_confirmatory_02,chain,adam,random,0,0,,13.429929866476225,199,5.887320733992034,13.429929866476225,2.5315149189285745e-07,0.9852982407685036,5.803689533004693,0.020062824256607464,0.038225530837199956,398.53131930143735,31,0.4317596184664846,2.089099283047112,0,
ising_confirmatory_02,chain,adam,random,19,0,,18.769696030902143,199,8.228130877235344,18.769696030902143,3.668498426238973e-16,0.9718239654954919,8.156147741239273,0.020143201384327073,0.03317200987389171,940.2475281666295,31,0.2453496352942192,3.9512374127125627,0,
ising_confirmatory_02,chain,adam,random,42,0,,16.47575228095447,199,7.222527516983256,16.47575228095447,4.407311245482372e-20,0.9842327965963362,7.145753064703847,0.01600160676679024,0.037153825161871046,533.692555290983,31,-0.028251292559711722,35.38248207448457,0,
ising_confirmatory_02,chain,adam,random,50,0,,10.900018756640517,199,4.778275617585884,10.900018756640517,7.645379386114371e-16,0.9835237647783368,4.6911221046254745,0.01874144201752856,0.029172169579437357,303.23732794869,31,0.22504115710911762,4.3296491675173545,0,
ising_confirmatory_02,chain,adam,random,101,0,,10.909426540372971,199,4.782399737427138,10.909426540372971,1.54486767067054e-15,0.9841823542639616,4.6911221046254745,0.020036609594433895,0.030863962516280808,254.8075268111959,31,0.2193818322975698,4.447219117303082,0,
ising_confirmatory_02,chain,adam,target_biased,0,0,,0.21961726022791378,199,0.09627431137297293,0.21961726022791378,0.98398488087748,0.98398488087748,7.105427357601002e-15,0.020843573037278063,0.02635659006963224,3803.917329420104,31,0.5894534936817264,1.3704258653713601,0,
ising_confirmatory_02,chain,adam,target_biased,19,0,,0.231990201568895,199,0.10169827671169429,0.231990201568895,0.9781522157397734,0.9781522157397734,7.105427357601002e-15,0.02203428632113543,0.054407083407347075,6948.611725855717,31,0.5766898603345056,1.4166421439116714,0,
ising_confirmatory_02,chain,adam,target_biased,42,0,,13.748929752379704,199,6.02716172058636,13.748929752379704,2.0519048811557482e-08,0.9807669204038594,5.951688843287457,0.017276806242149584,0.030050410334483465,515.1006684181452,31,0.532958596534836,1.5876304952646811,0,
ising_confirmatory_02,chain,adam,target_biased,50,0,,0.22092113124141935,199,0.09684589342355565,0.22092113124141935,0.9843851095396708,0.9843851095396708,7.105427357601002e-15,0.021680165160659425,0.03974733134675273,1293.8850617349863,31,0.5835861385576995,1.391484800418464,0,
ising_confirmatory_02,chain,adam,target_biased,101,0,,0.18013751223126462,199,0.07896744966451053,0.18013751223126462,0.9858810600099637,0.9858810600099637,7.105427357601002e-15,0.017564060385700395,0.025824609942871782,1803.7361503242726,31,0.580708670933588,1.401927476627019,0,
ising_confirmatory_02,chain,exact_natural,target_biased,0,1,28.0,0.08213317974661029,28,0.036004981178489714,0.08213317974661029,0.9770052879003599,0.9770052879003599,7.105427357601002e-15,0.017610977507876383,0.02226898977783049,538249746664.0934,28,0.5065830962345195,1.7019737712194332,0,1.0
ising_confirmatory_02,chain,exact_natural,target_biased,19,1,42.0,0.07927460328314705,42,0.03475185799390346,0.07927460328314705,0.9736525729305461,0.9736525729305461,7.105427357601002e-15,0.021051601861889733,0.051980637887031,330721277626.87067,16,0.49676287609589487,1.747083670142035,0,1.0
ising_confirmatory_02,chain,exact_natural,target_biased,42,1,36.0,0.07760677173069416,36,0.034020725413377306,0.07760677173069416,0.9759635197963787,0.9759635197963787,7.105427357601002e-15,0.01916891123972454,0.033341442876964694,84546885782.17471,18,0.4950225342233652,1.7552335012216083,0,1.0
ising_confirmatory_02,chain,exact_natural,target_biased,50,1,30.0,0.08252034015470706,30,0.03617470190827987,0.08252034015470706,0.9844231447561118,0.9844231447561118,7.105427357601002e-15,0.017599871979761025,0.03226672574014236,680114376605.3259,26,0.5053413454976836,1.7075973360629193,0,1.0
ising_confirmatory_02,chain,exact_natural,target_biased,101,1,28.0,0.0748190185381375,28,0.03279864924954268,0.0748190185381375,0.982257683696449,0.982257683696449,7.105427357601002e-15,0.014898638724188418,0.021905614378619015,674510953455.9432,28,0.4931906622793217,1.7638639789112223,0,1.0
ising_confirmatory_02,random_tree,adam,random,0,0,,0.3411763146893752,199,0.149562537659385,0.3411763146893752,0.9737375631694173,0.9737375631694173,7.105427357601002e-15,0.02762134571740879,0.029741045260933022,1782.9332350272225,31,0.6020045713671857,1.3263896620182787,0,
ising_confirmatory_02,random_tree,adam,random,19,0,,7.673059286751661,199,3.3636632120325416,7.673059286751661,1.22578333999735e-09,0.9674700604778816,3.2330227981848587,0.024833563952323518,0.026202086860258073,5236.429988048189,31,0.5152120180968079,1.663514690968331,0,
ising_confirmatory_02,random_tree,adam,random,42,0,,7.47862187361899,199,3.278427069686245,7.47862187361899,2.301061965035278e-15,0.9719945019327538,3.129661776992716,0.029068934795618572,0.03469203929332551,2394.5341993672164,31,0.376497938097113,2.4606176081307813,0,
ising_confirmatory_02,random_tree,adam,random,50,0,,9.662785396717714,199,4.235905725480755,9.662785396717714,1.0102296036199423e-12,0.9662874614272975,4.110644508176264,0.024254460304262978,0.025985761683585667,10086.347133425741,31,0.5052238656215481,1.708130556980184,0,
ising_confirmatory_02,random_tree,adam,random,101,0,,0.30840341162737017,199,0.13519577672851213,0.30840341162737017,0.9690266507896138,0.9690266507896138,7.105427357601002e-15,0.025958456879069603,0.029051059329394387,12799.032807465466,31,0.6349110061623578,1.216840269110059,0,
ising_confirmatory_02,random_tree,adam,target_biased,0,0,,0.16430945112453396,199,0.07202885257137481,0.16430945112453396,0.9840039495098905,0.9840039495098905,7.105427357601002e-15,0.01746758658883017,0.021135813273902935,20579.39071562287,31,0.8445335181455256,0.6340810445598488,0,
ising_confirmatory_02,random_tree,adam,target_biased,19,0,,0.13423115268997027,199,0.058843333973914724,0.13423115268997027,0.9850938088404037,0.9850938088404037,7.105427357601002e-15,0.014154718282762867,0.016929853324996958,22966.82337502714,31,0.8195339924187227,0.6992151347893509,0,
ising_confirmatory_02,random_tree,adam,target_biased,42,0,,0.21825917435788583,199,0.09567896298466039,0.21825917435788583,0.9807750817591633,0.9807750817591633,7.105427357601002e-15,0.021968476121270872,0.022138998914565652,22366.001093148607,31,0.7983895039932581,0.7541949668039872,0,
ising_confirmatory_02,random_tree,adam,target_biased,50,0,,0.17159903950141467,199,0.07522441243059674,0.17159903950141467,0.9841476567462352,0.9841476567462352,7.105427357601002e-15,0.018726911967764718,0.028263705559615566,50744.39315828271,31,0.8513383891542934,0.6162261205074653,0,
ising_confirmatory_02,random_tree,adam,target_biased,101,0,,0.13775468987660816,199,0.060387958089016536,0.13775468987660816,0.9856689412997802,0.9856689412997802,7.105427357601002e-15,0.013803967536431557,0.015421854293893464,120791.26209757345,31,0.8220473381069818,0.6926841417214028,0,
ising_confirmatory_02,random_tree,exact_natural,target_biased,0,1,13.0,0.08250796905840552,13,0.036169278751756906,0.08250796905840552,0.9597477455690494,0.9597477455690494,7.105427357601002e-15,0.02085221078036259,0.025231215037092844,478929495831.17584,24,0.8218693389916895,0.693146723160751,0,1.0
ising_confirmatory_02,random_tree,exact_natural,target_biased,19,1,18.0,0.07258766849678609,18,0.03182048529084369,0.07258766849678609,0.9289025139633817,0.9289025139633817,7.105427357601002e-15,0.02545297436035476,0.03044321434008816,293139140366.643,15,0.7534010733089972,0.8727904598018221,0,1.0
ising_confirmatory_02,random_tree,exact_natural,target_biased,42,1,17.0,0.08331233410474967,17,0.03652189079531354,0.08331233410474967,0.9177626389268463,0.9177626389268463,7.105427357601002e-15,0.02909215394209517,0.029317971851621497,228250410032.78323,14,0.7023428403388787,1.0135204624599625,0,1.0
ising_confirmatory_02,random_tree,exact_natural,target_biased,50,1,13.0,0.07571873402653803,13,0.03319306036726388,0.07571873402653803,0.9653370564784629,0.9653370564784629,7.105427357601002e-15,0.019012749954808582,0.02869510827659732,790980980981.1328,28,0.8434700825074765,0.6368645013787196,0,1.0
ising_confirmatory_02,random_tree,exact_natural,target_biased,101,1,14.0,0.08250536837652253,14,0.036168138682633355,0.08250536837652253,0.9606184893333716,0.9606184893333716,7.105427357601002e-15,0.020880643379370817,0.023327948208334396,944429299757.8992,23,0.8053514763411489,0.7360731576497612,0,1.0
ising_confirmatory_02,problem_tree,adam,random,0,0,,0.30151438988898727,199,0.1321758145306049,0.30151438988898727,0.9752898945138097,0.9752898945138097,7.105427357601002e-15,0.02561888840400496,0.023805421627008383,473.86286392044195,31,0.6790630913348216,1.081018718145358,0,
ising_confirmatory_02,problem_tree,adam,random,19,0,,1.2747643545436207,199,0.5588224726468951,1.2747643545436207,3.466811438905448e-06,0.9762380994702673,0.43837315552094225,0.023933300262994017,0.02297615886083599,803.2221779183636,31,0.7139218026912669,0.9808153109102823,0,
ising_confirmatory_02,problem_tree,adam,random,42,0,,7.405984051170963,199,3.246584598249534,7.405984051170963,4.646676172724368e-13,0.9735180562827623,3.129661776992716,0.022828700355632853,0.022958558550115662,599.6612541011615,31,0.4949465812166886,1.7555902734080522,0,
ising_confirmatory_02,problem_tree,adam,random,50,0,,5.432813171153614,199,2.3815994531943083,5.432813171153614,4.6190575097248047e-14,0.9732971899636066,2.2580800295885908,0.02492949181823674,0.024259428450378148,1052.3361179008587,31,0.6175007344635741,1.2737965478820383,0,
ising_confirmatory_02,problem_tree,adam,random,101,0,,10.963645968290958,199,4.8061680791340855,10.963645968290958,9.051294094551358e-11,0.9691591895123948,4.6911221046254745,0.024091598835230182,0.02422373545413201,3029.8058486769864,31,0.4664970677874825,1.8960949718561928,0,
ising_confirmatory_02,problem_tree,adam,target_biased,0,0,,1.0651915508309748,199,0.466951381372013,1.0651915508309748,0.00015990938601420768,0.9944505204863561,0.43837315552094225,0.007425940472276483,0.010378347355752009,8695.823565703822,31,0.9399362568755232,0.3631629409963028,0,
ising_confirmatory_02,problem_tree,adam,target_biased,19,0,,1.0572841497989411,199,0.46348498902963087,1.0572841497989411,9.738096532905425e-05,0.9941714613310073,0.43837315552094225,0.0058696794495316645,0.005431874649418515,5263.904369520998,31,0.9356081053655811,0.377337825470801,0,
ising_confirmatory_02,problem_tree,adam,target_biased,42,0,,1.096487666913123,199,0.4806707585344938,1.096487666913123,3.560601013396933e-05,0.9922900651815857,0.43837315552094225,0.012692588241348942,0.01762811908934676,7329.246964014478,31,0.9347251438778581,0.3801882357510341,0,
ising_confirmatory_02,problem_tree,adam,target_biased,50,0,,1.0924528824647708,199,0.4789020173440228,1.0924528824647708,0.0005157140023045334,0.9914822231873603,0.43837315552094225,0.010416399553531182,0.01663943682269697,4964.994857757369,31,0.9472546433505594,0.3383270701587246,0,
ising_confirmatory_02,problem_tree,adam,target_biased,101,0,,1.1162428871754972,199,0.48933091677892193,1.1162428871754972,0.0003894347016697206,0.9908424212815335,0.43837315552094225,0.01792248575399025,0.01551460873204283,20953.319849967615,31,0.938947617849515,0.3664316521786892,0,
ising_confirmatory_02,problem_tree,exact_natural,target_biased,0,1,15.0,0.08645359972804034,15,0.03789893731892491,0.08645359972804034,0.9143446928851087,0.9143446928851087,7.105427357601002e-15,0.02758958266513254,0.038558654404508494,877561524888.5343,22,0.9406752450877133,0.3607071027455406,0,1.0
ising_confirmatory_02,problem_tree,exact_natural,target_biased,19,1,20.0,0.08367545366604881,20,0.03668107266323162,0.08367545366604881,0.916324874509728,0.916324874509728,7.105427357601002e-15,0.02699752986004206,0.024983851214460194,941968600053.3116,15,0.9437026178833589,0.3505289162280491,0,1.0
ising_confirmatory_02,problem_tree,exact_natural,target_biased,42,1,19.0,0.07517486450891836,19,0.0329546425706333,0.07517486450891836,0.9248341931365656,0.9248341931365656,7.105427357601002e-15,0.024477387082585057,0.033995453589373004,976657080713.738,17,0.9505900585978562,0.32658550443256174,0,1.0
ising_confirmatory_02,problem_tree,exact_natural,target_biased,50,1,15.0,0.09995897652095295,15,0.04381933196013321,0.09995897652095295,0.9010895121818304,0.9010895121818304,7.105427357601002e-15,0.0313947044866657,0.05015074538841201,658360319575.4869,24,0.953203851925102,0.31717069265411396,0,1.0
ising_confirmatory_02,problem_tree,exact_natural,target_biased,101,1,15.0,0.09105866691233673,15,0.03991767515189082,0.09105866691233673,0.9094425154176438,0.9094425154176438,7.105427357601002e-15,0.029005781396567024,0.025108869132994777,908963807643.5916,23,0.9482629641108924,0.334807956620739,0,1.0
ising_confirmatory_02,full,adam,random,0,0,,0.14734547357366573,199,0.0645923002022144,0.14734547357366573,0.98821409874115,0.98821409874115,7.105427357601002e-15,0.014396129004122644,0.014351968582328147,1293.2760704821262,40,0.6778979665884215,1.0844640904299707,0,
ising_confirmatory_02,full,adam,random,19,0,,1.1300370696003785,199,0.4953779160563485,1.1300370696003785,1.7577138362565964e-05,0.9890579354602379,0.43837315552094225,0.01298685955783076,0.012433634378523625,3592.5395573492133,40,0.6820019234020591,1.0723582348372531,0,
ising_confirmatory_02,full,adam,random,42,0,,7.275039502132849,199,3.1891820230894297,7.275039502132849,2.0215659738771996e-12,0.9866579031125032,3.129661776992716,0.013491734941629573,0.013968168789403684,1957.2543403472316,40,0.5916886815413799,1.3624843161331084,0,
ising_confirmatory_02,full,adam,random,50,0,,5.281041481576544,199,2.315066818715664,5.281041481576544,6.211066676755575e-12,0.9876188964422452,2.2580800295885908,0.013057140774532974,0.01355807792246887,6944.099984745716,40,0.63458535000302,1.217886276540627,0,
ising_confirmatory_02,full,adam,random,101,0,,10.822214195388968,199,4.74416818655612,10.822214195388968,6.172027813356595e-09,0.9835213484763851,4.6911221046254745,0.012340333662870942,0.012080026888640214,6906.462606816971,40,0.6157870041656799,1.2795214226590244,0,
ising_confirmatory_02,full,adam,target_biased,0,1,28.0,0.0984137684065032,28,0.043141954203065325,0.0984137684065032,0.9834126002190665,0.9834126002190665,7.105427357601002e-15,0.013979449584395039,0.037962529364465036,15445.661643807352,40,0.9521575234288813,0.32096335612382154,0,
ising_confirmatory_02,full,adam,target_biased,19,1,35.0,0.09686245814505715,35,0.04246190142856321,0.09686245814505715,0.9774767537659048,0.9774767537659048,7.105427357601002e-15,0.013761774431502415,0.03355934016206873,78520.25002442393,40,0.9453262189175218,0.3449880656014456,0,
ising_confirmatory_02,full,adam,target_biased,42,1,40.0,0.09938492929096633,40,0.04356768506450592,0.09938492929096633,0.9687693892208019,0.9687693892208019,7.105427357601002e-15,0.01505807745690344,0.05245902673659025,100531.77537486573,40,0.9609850926041424,0.2878298196912066,0,
ising_confirmatory_02,full,adam,target_biased,50,1,42.0,0.0999338892424801,42,0.04380833437070564,0.0999338892424801,0.9854950329435025,0.9854950329435025,7.105427357601002e-15,0.013600685682807527,0.02141811588538635,22904.879114871765,40,0.9522418015718052,0.32065907055935255,0,
ising_confirmatory_02,full,adam,target_biased,101,1,31.0,0.09571912899329603,31,0.04196069662050661,0.09571912899329603,0.9842163257054064,0.9842163257054064,7.105427357601002e-15,0.013142605416043049,0.01913185944672777,27990.179719866293,40,0.9500786265087025,0.3284050115106401,0,
ising_confirmatory_02,full,exact_natural,target_biased,0,1,4.0,0.08237879435130735,4,0.03611265202779279,0.08237879435130735,0.9504896998673773,0.9504896998673773,7.105427357601002e-15,0.018282392810147464,0.04964758231124337,285400853.63729346,40,0.9965651041335868,0.0830984360092185,0,1.0
ising_confirmatory_02,full,exact_natural,target_biased,19,1,10.0,0.06872344614066588,10,0.030126513942956734,0.06872344614066588,0.9314011995777046,0.9314011995777046,7.105427357601002e-15,0.021693795545489575,0.05290229597501482,951480835259.1403,22,0.9835677468853321,0.18355566734674453,0,1.0
ising_confirmatory_02,full,exact_natural,target_biased,42,1,12.0,0.0772093591303711,12,0.0338465103977299,0.0772093591303711,0.9229005265967757,0.9229005265967757,7.105427357601002e-15,0.024160401417802912,0.08416951948683181,727419619192.9058,18,0.9764752383121126,0.22082440573419296,0,1.0
ising_confirmatory_02,full,exact_natural,target_biased,50,1,5.0,0.09574747037750624,5,0.041973120722534674,0.09574747037750624,0.9436273679615997,0.9436273679615997,7.105427357601002e-15,0.023177207726581696,0.03649905104527289,863147933.7528769,40,0.9966103964294779,0.08254593762918302,0,1.0
ising_confirmatory_02,full,exact_natural,target_biased,101,1,5.0,0.07239421676435254,5,0.031735681244455805,0.07239421676435254,0.9478855086075356,0.9478855086075356,7.105427357601002e-15,0.017908797526750942,0.026070066497099875,3707982148.527166,40,0.9967700207726597,0.08056917579884657,0,1.0
