instance_id,graph,edge_count,parameter_count,width,conditional_angle_entries,gray_code_cnot_upper_bound,order,elimination_degrees
ising_confirmatory_01,chain,15,31,1,31,30,tree_leaf_order,1 1 1 1 1 1 1 1 1 1 1 1 1 1 1 0
ising_confirmatory_01,full,24,40,4,127,126,0 2 7 12 13 1 3 4 9 8 5 6 10 11 14 15,3 3 3 3 3 4 3 4 3 3 3 3 3 2 1 0
ising_confirmatory_01,problem_tree,15,31,1,31,30,tree_leaf_order,1 1 1 1 1 1 1 1 1 1 1 1 1 1 1 0
ising_confirmatory_01,random_tree,15,31,1,31,30,tree_leaf_order,1 1 1 1 1 1 1 1 1 1 1 1 1 1 1 0
ising_confirmatory_02,chain,15,31,1,31,30,tree_leaf_order,1 1 1 1 1 1 1 1 1 1 1 1 1 1 1 0
ising_confirmatory_02,full,24,40,3,99,98,0 1 2 5 6 7 8 3 9 14 11 13 4 10 12 15,3 3 3 3 3 3 3 3 3 2 2 2 3 2 1 0
ising_confirmatory_02,problem_tree,15,31,1,31,30,tree_leaf_order,1 1 1 1 1 1 1 1 1 1 1 1 1 1 1 0
ising_confirmatory_02,random_tree,15,31,1,31,30,tree_leaf_order,1 1 1 1 1 1 1 1 1 1 1 1 1 1 1 0
ising_confirmatory_03,chain,15,31,1,31,30,tree_leaf_order,1 1 1 1 1 1 1 1 1 1 1 1 1 1 1 0
ising_confirmatory_03,full,24,40,3,111,110,0 1 2 7 8 10 12 9 14 13 3 4 5 6 11 15,3 3 3 3 3 3 3 3 3 3 3 3 3 2 1 0
ising_confirmatory_03,problem_tree,15,31,1,31,30,tree_leaf_order,1 1 1 1 1 1 1 1 1 1 1 1 1 1 1 0
ising_confirmatory_03,random_tree,15,31,1,31,30,tree_leaf_order,1 1 1 1 1 1 1 1 1 1 1 1 1 1 1 0
ising_confirmatory_04,chain,15,31,1,31,30,tree_leaf_order,1 1 1 1 1 1 1 1 1 1 1 1 1 1 1 0
ising_confirmatory_04,full,24,40,4,151,150,2 9 10 0 4 3 6 7 14 8 1 5 11 12 13 15,3 3 3 4 3 4 3 3 4 4 4 3 3 2 1 0
ising_confirmatory_04,problem_tree,15,31,1,31,30,tree_leaf_order,1 1 1 1 1 1 1 1 1 1 1 1 1 1 1 0
ising_confirmatory_04,random_tree,15,31,1,31,30,tree_leaf_order,1 1 1 1 1 1 1 1 1 1 1 1 1 1 1 0
ising_confirmatory_05,chain,15,31,1,31,30,tree_leaf_order,1 1 1 1 1 1 1 1 1 1 1 1 1 1 1 0
ising_confirmatory_05,full,24,40,4,107,106,0 1 2 6 8 10 14 3 4 7 9 11 12 5 13 15,3 3 3 3 4 3 2 2 3 3 3 3 2 2 1 0
ising_confirmatory_05,problem_tree,15,31,1,31,30,tree_leaf_order,1 1 1 1 1 1 1 1 1 1 1 1 1 1 1 0
ising_confirmatory_05,random_tree,15,31,1,31,30,tree_leaf_order,1 1 1 1 1 1 1 1 1 1 1 1 1 1 1 0
ising_confirmatory_06,chain,15,31,1,31,30,tree_leaf_order,1 1 1 1 1 1 1 1 1 1 1 1 1 1 1 0
ising_confirmatory_06,full,24,40,4,143,142,9 13 0 1 3 5 6 7 8 14 11 2 4 10 12 15,3 3 4 3 3 3 3 4 3 3 4 4 3 2 1 0
ising_confirmatory_06,problem_tree,15,31,1,31,30,tree_leaf_order,1 1 1 1 1 1 1 1 1 1 1 1 1 1 1 0
ising_confirmatory_06,random_tree,15,31,1,31,30,tree_leaf_order,1 1 1 1 1 1 1 1 1 1 1 1 1 1 1 0
ising_confirmatory_07,chain,15,31,1,31,30,tree_leaf_order,1 1 1 1 1 1 1 1 1 1 1 1 1 1 1 0
ising_confirmatory_07,full,24,40,3,111,110,0 10 1 7 11 2 3 4 8 6 5 12 9 13 14 15,3 3 3 3 3 3 3 3 3 3 3 3 3 2 1 0
ising_confirmatory_07,problem_tree,15,31,1,31,30,tree_leaf_order,1 1 1 1 1 1 1 1 1 1 1 1 1 1 1 0
ising_confirmatory_07,random_tree,15,31,1,31,30,tree_leaf_order,1 1 1 1 1 1 1 1 1 1 1 1 1 1 1 0
ising_confirmatory_08,chain,15,31,1,31,30,tree_leaf_order,1 1 1 1 1 1 1 1 1 1 1 1 1 1 1 0
ising_confirmatory_08,full,24,40,4,135,134,0 3 4 5 9 11 14 12 1 2 6 10 7 8 13 15,3 3 3 3 3 3 3 4 4 3 4 3 3 2 1 0
ising_confirmatory_08,problem_tree,15,31,1,31,30,tree_leaf_order,1 1 1 1 1 1 1 1 1 1 1 1 1 1 1 0
ising_confirmatory_08,random_tree,15,31,1,31,30,tree_leaf_order,1 1 1 1 1 1 1 1 1 1 1 1 1 1 1 0
ising_confirmatory_09,chain,15,31,1,31,30,tree_leaf_order,1 1 1 1 1 1 1 1 1 1 1 1 1 1 1 0
ising_confirmatory_09,full,24,40,4,135,134,0 3 5 6 14 2 4 10 7 1 9 8 11 12 13 15,3 3 3 3 3 4 3 3 4 4 3 3 3 2 1 0
ising_confirmatory_09,problem_tree,15,31,1,31,30,tree_leaf_order,1 1 1 1 1 1 1 1 1 1 1 1 1 1 1 0
ising_confirmatory_09,random_tree,15,31,1,31,30,tree_leaf_order,1 1 1 1 1 1 1 1 1 1 1 1 1 1 1 0
ising_confirmatory_10,chain,15,31,1,31,30,tree_leaf_order,1 1 1 1 1 1 1 1 1 1 1 1 1 1 1 0
ising_confirmatory_10,full,24,40,4,135,134,3 4 5 12 6 7 14 8 13 9 10 11 0 1 2 15,3 3 3 4 4 3 3 4 3 3 3 3 3 2 1 0
ising_confirmatory_10,problem_tree,15,31,1,31,30,tree_leaf_order,1 1 1 1 1 1 1 1 1 1 1 1 1 1 1 0
ising_confirmatory_10,random_tree,15,31,1,31,30,tree_leaf_order,1 1 1 1 1 1 1 1 1 1 1 1 1 1 1 0
ising_confirmatory_11,chain,15,31,1,31,30,tree_leaf_order,1 1 1 1 1 1 1 1 1 1 1 1 1 1 1 0
ising_confirmatory_11,full,24,40,3,99,98,5 9 0 1 3 7 10 6 11 13 2 8 4 12 14 15,3 3 3 3 3 3 3 3 3 2 2 2 3 2 1 0
ising_confirmatory_11,problem_tree,15,31,1,31,30,tree_leaf_order,1 1 1 1 1 1 1 1 1 1 1 1 1 1 1 0
ising_confirmatory_11,random_tree,15,31,1,31,30,tree_leaf_order,1 1 1 1 1 1 1 1 1 1 1 1 1 1 1 0
ising_confirmatory_12,chain,15,31,1,31,30,tree_leaf_order,1 1 1 1 1 1 1 1 1 1 1 1 1 1 1 0
ising_confirmatory_12,full,24,40,4,143,142,1 2 8 9 11 13 5 6 7 10 4 12 0 3 14 15,3 3 3 3 4 3 4 3 3 4 4 3 3 2 1 0
ising_confirmatory_12,problem_tree,15,31,1,31,30,tree_leaf_order,1 1 1 1 1 1 1 1 1 1 1 1 1 1 1 0
ising_confirmatory_12,random_tree,15,31,1,31,30,tree_leaf_order,1 1 1 1 1 1 1 1 1 1 1 1 1 1 1 0
ising_confirmatory_13,chain,15,31,1,31,30,tree_leaf_order,1 1 1 1 1 1 1 1 1 1 1 1 1 1 1 0
ising_confirmatory_13,full,24,40,4,127,126,1 3 8 9 10 14 6 13 0 2 4 5 7 11 12 15,3 3 3 3 3 4 4 3 3 3 3 3 3 2 1 0
ising_confirmatory_13,problem_tree,15,31,1,31,30,tree_leaf_order,1 1 1 1 1 1 1 1 1 1 1 1 1 1 1 0
ising_confirmatory_13,random_tree,15,31,1,31,30,tree_leaf_order,1 1 1 1 1 1 1 1 1 1 1 1 1 1 1 0
ising_confirmatory_14,chain,15,31,1,31,30,tree_leaf_order,1 1 1 1 1 1 1 1 1 1 1 1 1 1 1 0
ising_confirmatory_14,full,24,40,4,151,150,0 1 2 4 5 6 7 12 13 14 3 8 9 10 11 15,3 3 3 4 3 3 3 4 4 4 4 3 3 2 1 0
ising_confirmatory_14,problem_tree,15,31,1,31,30,tree_leaf_order,1 1 1 1 1 1 1 1 1 1 1 1 1 1 1 0
ising_confirmatory_14,random_tree,15,31,1,31,30,tree_leaf_order,1 1 1 1 1 1 1 1 1 1 1 1 1 1 1 0
ising_confirmatory_15,chain,15,31,1,31,30,tree_leaf_order,1 1 1 1 1 1 1 1 1 1 1 1 1 1 1 0
ising_confirmatory_15,full,24,40,3,75,74,0 7 13 14 4 5 10 11 1 9 2 3 6 8 12 15,3 3 3 2 2 2 3 2 2 1 1 2 3 2 1 0
ising_confirmatory_15,problem_tree,15,31,1,31,30,tree_leaf_order,1 1 1 1 1 1 1 1 1 1 1 1 1 1 1 0
ising_confirmatory_15,random_tree,15,31,1,31,30,tree_leaf_order,1 1 1 1 1 1 1 1 1 1 1 1 1 1 1 0
ising_confirmatory_16,chain,15,31,1,31,30,tree_leaf_order,1 1 1 1 1 1 1 1 1 1 1 1 1 1 1 0
ising_confirmatory_16,full,24,40,3,75,74,2 10 0 5 4 14 3 9 12 11 1 7 6 8 13 15,3 2 2 2 3 2 2 3 2 2 2 2 3 2 1 0
ising_confirmatory_16,problem_tree,15,31,1,31,30,tree_leaf_order,1 1 1 1 1 1 1 1 1 1 1 1 1 1 1 0
ising_confirmatory_16,random_tree,15,31,1,31,30,tree_leaf_order,1 1 1 1 1 1 1 1 1 1 1 1 1 1 1 0
ising_confirmatory_17,chain,15,31,1,31,30,tree_leaf_order,1 1 1 1 1 1 1 1 1 1 1 1 1 1 1 0
ising_confirmatory_17,full,24,40,4,135,134,3 11 0 2 4 5 8 13 1 6 7 12 9 10 14 15,3 3 4 3 3 3 3 3 4 3 4 3 3 2 1 0
ising_confirmatory_17,problem_tree,15,31,1,31,30,tree_leaf_order,1 1 1 1 1 1 1 1 1 1 1 1 1 1 1 0
ising_confirmatory_17,random_tree,15,31,1,31,30,tree_leaf_order,1 1 1 1 1 1 1 1 1 1 1 1 1 1 1 0
ising_confirmatory_18,chain,15,31,1,31,30,tree_leaf_order,1 1 1 1 1 1 1 1 1 1 1 1 1 1 1 0
ising_confirmatory_18,full,24,40,5,159,158,0 1 2 3 4 7 11 6 5 12 8 10 9 13 14 15,3 3 3 3 3 3 3 4 5 4 4 3 3 2 1 0
ising_confirmatory_18,problem_tree,15,31,1,31,30,tree_leaf_order,1 1 1 1 1 1 1 1 1 1 1 1 1 1 1 0
ising_confirmatory_18,random_tree,15,31,1,31,30,tree_leaf_order,1 1 1 1 1 1 1 1 1 1 1 1 1 1 1 0
ising_confirmatory_19,chain,15,31,1,31,30,tree_leaf_order,1 1 1 1 1 1 1 1 1 1 1 1 1 1 1 0
ising_confirmatory_19,full,24,40,4,119,118,1 2 3 5 10 0 12 4 8 6 7 9 11 13 14 15,3 3 3 3 3 4 3 3 3 3 3 3 3 2 1 0
ising_confirmatory_19,problem_tree,15,31,1,31,30,tree_leaf_order,1 1 1 1 1 1 1 1 1 1 1 1 1 1 1 0
ising_confirmatory_19,random_tree,15,31,1,31,30,tree_leaf_order,1 1 1 1 1 1 1 1 1 1 1 1 1 1 1 0
ising_confirmatory_20,chain,15,31,1,31,30,tree_leaf_order,1 1 1 1 1 1 1 1 1 1 1 1 1 1 1 0
ising_confirmatory_20,full,24,40,4,143,142,0 1 2 3 4 5 8 12 10 14 7 6 9 11 13 15,3 3 3 3 3 3 4 3 4 3 4 4 3 2 1 0
ising_confirmatory_20,problem_tree,15,31,1,31,30,tree_leaf_order,1 1 1 1 1 1 1 1 1 1 1 1 1 1 1 0
ising_confirmatory_20,random_tree,15,31,1,31,30,tree_leaf_order,1 1 1 1 1 1 1 1 1 1 1 1 1 1 1 0
ising_confirmatory_21,chain,15,31,1,31,30,tree_leaf_order,1 1 1 1 1 1 1 1 1 1 1 1 1 1 1 0
ising_confirmatory_21,full,24,40,4,143,142,0 2 3 4 5 6 8 7 9 10 11 1 12 13 14 15,3 3 3 3 3 3 3 4 4 4 3 4 3 2 1 0
ising_confirmatory_21,problem_tree,15,31,1,31,30,tree_leaf_order,1 1 1 1 1 1 1 1 1 1 1 1 1 1 1 0
ising_confirmatory_21,random_tree,15,31,1,31,30,tree_leaf_order,1 1 1 1 1 1 1 1 1 1 1 1 1 1 1 0
ising_confirmatory_22,chain,15,31,1,31,30,tree_leaf_order,1 1 1 1 1 1 1 1 1 1 1 1 1 1 1 0
ising_confirmatory_22,full,24,40,4,119,118,3 4 6 12 14 1 7 2 0 9 5 8 10 11 13 15,3 3 3 3 3 4 3 3 3 3 3 3 3 2 1 0
ising_confirmatory_22,problem_tree,15,31,1,31,30,tree_leaf_order,1 1 1 1 1 1 1 1 1 1 1 1 1 1 1 0
ising_confirmatory_22,random_tree,15,31,1,31,30,tree_leaf_order,1 1 1 1 1 1 1 1 1 1 1 1 1 1 1 0
ising_confirmatory_23,chain,15,31,1,31,30,tree_leaf_order,1 1 1 1 1 1 1 1 1 1 1 1 1 1 1 0
ising_confirmatory_23,full,24,40,4,151,150,3 5 7 8 11 10 13 0 1 2 4 6 9 12 14 15,3 3 3 3 3 4 4 4 3 3 4 4 3 2 1 0
ising_confirmatory_23,problem_tree,15,31,1,31,30,tree_leaf_order,1 1 1 1 1 1 1 1 1 1 1 1 1 1 1 0
ising_confirmatory_23,random_tree,15,31,1,31,30,tree_leaf_order,1 1 1 1 1 1 1 1 1 1 1 1 1 1 1 0
ising_confirmatory_24,chain,15,31,1,31,30,tree_leaf_order,1 1 1 1 1 1 1 1 1 1 1 1 1 1 1 0
ising_confirmatory_24,full,24,40,4,115,114,0 3 8 2 4 7 14 9 6 10 1 5 12 11 13 15,3 3 3 4 3 4 3 3 3 2 2 3 2 2 1 0
ising_confirmatory_24,problem_tree,15,31,1,31,30,tree_leaf_order,1 1 1 1 1 1 1 1 1 1 1 1 1 1 1 0
ising_confirmatory_24,random_tree,15,31,1,31,30,tree_leaf_order,1 1 1 1 1 1 1 1 1 1 1 1 1 1 1 0
