instance_id,checkpoint,sample_replicate,sample_budget,method,stream_seed,success,first_success_step,minimum_gap,final_gap,final_pstar,final_dominant_probability,final_fisher_condition,final_gradient_rms_ratio,final_trap,sample_batches,total_samples,first_direction_cosine,first_direction_relative_error,first_sample_rank,maximum_sample_identity_residual,parameter_dimension,stored_metric_entries
ct_w5_i1,199,-1,0,analytic_target_cooling,0,1,60.0,0.06662305337769503,0.06662305337769503,0.9333769466223055,0.9333769466223055,,64.23215303729073,0,0,0,1.0,0.0,-1,0.0,51,51
ct_w5_i1,199,0,64,sampled_adam,16576996307822443526,0,,1.0008493639152753,1.0008493639152753,1.091969994290327e-16,0.9762923390291643,,0.146023344642895,0,199,12736,0.05143444998736397,0.9994411138188006,1,0.0,51,102
ct_w5_i1,199,0,64,sampled_full_fisher,16576996307822443526,0,,1.0003270796824069,1.0003270796824069,2.2498495961327846e-18,0.978455527822835,15699970761.401415,0.06738508192596393,1,199,12736,0.051434449987162276,1.0000000000000102,1,0.0,51,1326
ct_w5_i1,199,0,64,ray_plus_residual,16576996307822443526,1,22.0,0.0927205667555544,0.0927205667555544,0.9073174627284097,0.9073174627284097,,71.27377447647133,0,22,1408,0.9785762651352481,0.21039204357940536,1,0.0,51,766
ct_w5_i1,199,1,64,sampled_adam,8796314316258094415,0,,1.0007299175649464,1.0007299175649464,6.535509345244019e-18,0.9296441242975185,,0.14752581986104735,0,199,12736,,1.0,1,0.0,51,102
ct_w5_i1,199,1,64,sampled_full_fisher,8796314316258094415,0,,1.000543901433014,1.000543901433014,1.99201963554063e-17,0.9791558189454918,,0.11233696156327017,0,199,12736,,1.0,1,0.0,51,1326
ct_w5_i1,199,1,64,ray_plus_residual,8796314316258094415,1,22.0,0.06399486544391841,0.06399486544391841,0.9360374863070848,0.9360374863070848,,52.860721726065606,0,22,1408,0.997133345353638,0.07588186204529179,1,0.0,51,766
ct_w5_i1,199,2,64,sampled_adam,3034867548139932899,0,,1.0007085091711385,1.0007085091711385,4.772357538629657e-16,0.978155076350201,,0.12464109756481127,0,199,12736,,1.0,1,0.0,51,102
ct_w5_i1,199,2,64,sampled_full_fisher,3034867548139932899,0,,1.0009301598269147,1.0009301598269147,9.809350866010133e-17,0.9910298954818446,,0.22189075086188623,0,199,12736,,1.0,1,0.0,51,1326
ct_w5_i1,199,2,64,ray_plus_residual,3034867548139932899,1,23.0,0.05261603622998301,0.05261603622998301,0.9474555720881673,0.9474555720881673,,41.644600273925576,0,23,1472,0.997133345353638,0.07588186204529179,1,0.0,51,766
ct_w5_i1,199,3,64,sampled_adam,8973090642332541004,0,,1.0008441959754872,1.0008441959754872,4.838026514771261e-16,0.9752105747232204,,0.13823539056008094,0,199,12736,,1.0,1,0.0,51,102
ct_w5_i1,199,3,64,sampled_full_fisher,8973090642332541004,0,,1.0009224324052717,1.0009224324052717,3.82309566414923e-17,0.9729800816867467,,0.19320290599843537,0,199,12736,,1.0,1,0.0,51,1326
ct_w5_i1,199,3,64,ray_plus_residual,8973090642332541004,1,21.0,0.04995427967863719,0.04995427967863719,0.9501096974590739,0.9501096974590739,,41.33871151576461,0,21,1344,0.997133345353638,0.07588186204529179,1,0.0,51,766
ct_w5_i1,199,4,64,sampled_adam,1209391022305341245,0,,1.0010152666274124,1.0010152666274124,9.586066102342598e-16,0.9529096973714297,,0.16994082687365455,0,199,12736,,1.0,1,0.0,51,102
ct_w5_i1,199,4,64,sampled_full_fisher,1209391022305341245,0,,1.0006531724705727,1.0006531724705727,5.797185293734079e-16,0.9886263083392383,,0.12344061058747394,0,199,12736,,1.0,1,0.0,51,1326
ct_w5_i1,199,4,64,ray_plus_residual,1209391022305341245,1,22.0,0.07970076385395686,0.07970076385395686,0.9203451125725517,0.9203451125725517,,64.6620377977173,0,22,1408,0.997133345353638,0.07588186204529179,1,0.0,51,766
ct_w5_i1,199,0,256,sampled_adam,18147468515335311328,0,,1.0003005032422418,1.0003005032422418,1.810622238102826e-18,0.9843733410975513,36838121726.85291,0.05001481193114331,1,199,50944,4.513513347679179e-06,1.0003045576344665,3,0.0,51,102
ct_w5_i1,199,0,256,sampled_full_fisher,18147468515335311328,0,,1.0001445630959918,1.0001445630959918,2.223441216674656e-19,0.9864355468100123,32708218350.941055,0.026773895529693597,1,199,50944,0.05143442571559803,1.0000000024966635,3,0.0,51,1326
ct_w5_i1,199,0,256,ray_plus_residual,18147468515335311328,1,20.0,0.06148825751275666,0.06148825751275666,0.93856045338169,0.93856045338169,,51.5339697399756,0,20,5120,0.978591690381803,0.21031379269209305,3,0.0,51,766
ct_w5_i1,199,1,256,sampled_adam,9980518299022065916,0,,1.0001824043628176,1.0001824043628176,2.5803149986237827e-19,0.9942541717720862,19693197755.8363,0.029318989397744424,1,199,50944,0.03984490762762451,0.9992376880740649,5,0.0,51,102
ct_w5_i1,199,1,256,sampled_full_fisher,9980518299022065916,0,,1.0000796452785572,1.0000796452785572,3.891829007316435e-20,0.9745254575110919,123520782772.07951,0.016481532656455706,1,199,50944,0.09628748845576003,0.9999999820138964,5,0.0,51,1326
ct_w5_i1,199,1,256,ray_plus_residual,9980518299022065916,1,21.0,0.05436488398456696,0.05436488398456696,0.9456512557936733,0.9456512557936733,,47.41919606250935,0,21,5376,0.9796035615700032,0.20512374039056222,5,0.0,51,766
ct_w5_i1,199,2,256,sampled_adam,5730204573585912560,0,,1.0002938665157615,1.0002938665157615,2.7172571012078967e-17,0.9852873839584946,22687471626.048435,0.047631498840757756,1,199,50944,,1.0,3,0.0,51,102
ct_w5_i1,199,2,256,sampled_full_fisher,5730204573585912560,0,,1.0000971993326377,1.0000971993326377,4.168253734795837e-20,0.9806313572888492,861657846920.0441,0.017992623258289774,1,199,50944,,1.0,3,0.0,51,1326
ct_w5_i1,199,2,256,ray_plus_residual,5730204573585912560,1,20.0,0.07605375473097986,0.07605375473097986,0.9239849096049896,0.9239849096049896,,63.15421889260442,0,20,5120,0.997133345353638,0.07588186204529179,3,0.0,51,766
ct_w5_i1,199,3,256,sampled_adam,15299616769818281134,0,,1.0002517781796207,1.0002517781796207,2.6402844215502335e-18,0.9757103401372761,49445619016.12152,0.040480249201915,1,199,50944,0.040876360345506416,0.9992123767561973,4,0.0,51,102
ct_w5_i1,199,3,256,sampled_full_fisher,15299616769818281134,0,,1.0001684455272706,1.0001684455272706,1.1510649425765393e-18,0.9744689709492519,25499571297.445957,0.030592095303770835,1,199,50944,0.10868692783446021,0.9999999576478257,4,0.0,51,1326
ct_w5_i1,199,3,256,ray_plus_residual,15299616769818281134,1,22.0,0.05886389689641902,0.05886389689641902,0.9411898946351333,0.9411898946351333,,47.32828583187779,0,22,5632,0.9791979447197285,0.20721788919082118,4,0.0,51,766
ct_w5_i1,199,4,256,sampled_adam,12030040280614130597,0,,1.000222832984301,1.000222832984301,2.4667442544531908e-18,0.9903542756191818,14931134039.211212,0.03930073298538856,1,199,50944,4.280047793885595e-06,1.0003045699039745,3,0.0,51,102
ct_w5_i1,199,4,256,sampled_full_fisher,12030040280614130597,0,,1.00032488900057,1.00032488900057,1.5170838261907573e-17,0.9744034036845824,15509013436.857117,0.0784360882076964,1,199,50944,0.05143439908020434,1.0000000052366946,3,0.0,51,1326
ct_w5_i1,199,4,256,ray_plus_residual,12030040280614130597,1,20.0,0.05130530546462175,0.05130530546462175,0.9487377673952545,0.9487377673952545,,43.56086196753408,0,20,5120,0.9793566446974163,0.20640076193379223,3,0.0,51,766
ct_w5_i1,199,0,1024,sampled_adam,17552273960151334153,0,,1.0001204813045632,1.0001204813045632,1.317740031327937e-19,0.9947584695045324,32368398211.848007,0.019120320898880303,1,199,203776,7.897795729162203e-05,1.0004543175673397,4,0.0,51,102
ct_w5_i1,199,0,1024,sampled_full_fisher,17552273960151334153,0,,1.0000182276309726,1.0000182276309726,5.831371668582955e-23,0.9745806781081137,134374610439.77013,0.0035944779605991193,1,199,203776,0.11105761587525931,0.9999999682886976,4,0.0,51,1326
ct_w5_i1,199,0,1024,ray_plus_residual,17552273960151334153,1,19.0,0.09842811291026798,0.09842811291026798,0.901602447075569,0.901602447075569,,85.86092643356388,0,19,19456,0.9787328979515302,0.20959627415788037,4,0.0,51,766
ct_w5_i1,199,1,1024,sampled_adam,8613273169178144780,0,,1.0001051578358773,1.0001051578358773,1.5887633710189428e-20,0.9975114442360561,22393577923.365025,0.0169161496435721,1,199,203776,5.1285041345143544e-05,1.000581652244396,6,0.0,51,102
ct_w5_i1,199,1,1024,sampled_full_fisher,8613273169178144780,0,,1.0000358761856862,1.0000358761856862,1.3623088370650822e-21,0.9745617734550204,241469523698.95865,0.007704375778548464,1,199,203776,0.09869946644904665,1.0000000897693933,6,0.0,51,1326
ct_w5_i1,199,1,1024,ray_plus_residual,8613273169178144780,1,20.0,0.05457933630984613,0.05457933630984613,0.9454642920370147,0.9454642920370147,,49.183312166828216,0,20,20480,0.9794565646833605,0.20588482677693343,6,0.0,51,766
ct_w5_i1,199,2,1024,sampled_adam,866163045582610072,0,,1.0000837846140946,1.0000837846140946,9.598883658854689e-21,0.9980177176453883,34994876893.32264,0.014380679167502415,1,199,203776,0.08175389535171482,0.9979407072854111,6,0.0,51,102
ct_w5_i1,199,2,1024,sampled_full_fisher,866163045582610072,0,,1.0000213641123814,1.0000213641123814,2.6416746113273308e-21,0.9745482677394374,539787752260.9169,0.0038880567682808734,1,199,203776,0.13153002038872613,1.0000000486634582,6,0.0,51,1326
ct_w5_i1,199,2,1024,ray_plus_residual,866163045582610072,1,18.0,0.0680889665244564,0.0680889665244564,0.9319492997072364,0.9319492997072364,,61.85804872721834,0,18,18432,0.9792334443996907,0.20703535113409294,6,0.0,51,766
ct_w5_i1,199,3,1024,sampled_adam,3515127349404316801,0,,1.0001118488383405,1.0001118488383405,1.2444723299010937e-19,0.9962838712490018,7635811346.834886,0.017463098593848436,1,199,203776,0.07968369170640885,0.9979661569418632,5,0.0,51,102
ct_w5_i1,199,3,1024,sampled_full_fisher,3515127349404316801,0,,1.0000529933127869,1.0000529933127869,7.978168388153676e-20,0.9745131664678324,38092864686.23493,0.012764058697051398,1,199,203776,0.115842676825375,1.0000000384609067,5,0.0,51,1326
ct_w5_i1,199,3,1024,ray_plus_residual,3515127349404316801,1,20.0,0.0851258154601453,0.0851258154601453,0.9148904509898774,0.9148904509898774,,75.41128930278742,0,20,20480,0.9791219609623539,0.20760812206593177,5,0.0,51,766
ct_w5_i1,199,4,1024,sampled_adam,16390433489270121649,0,,1.0001488623534822,1.0001488623534822,4.024783543377338e-20,0.998198894586284,5834080174.770641,0.025166151132609064,1,199,203776,0.037166067785961404,0.9993135759799083,5,0.0,51,102
ct_w5_i1,199,4,1024,sampled_full_fisher,16390433489270121649,0,,1.0000614773111458,1.0000614773111458,4.715782741518007e-21,0.9743009766197114,184363993002.3973,0.013164529301391843,1,199,203776,0.11335595838885831,1.0000000109741523,5,0.0,51,1326
ct_w5_i1,199,4,1024,ray_plus_residual,16390433489270121649,1,19.0,0.07543551207991861,0.07543551207991861,0.9245890574668185,0.9245890574668185,,67.69591870392458,0,19,19456,0.9781927713056209,0.21232938174286553,5,0.0,51,766
ct_w5_i1,199,0,4096,sampled_adam,17445125590088130877,0,,1.0000430719713602,1.0000430719713602,1.258039104605809e-22,0.999184552318094,63053260693.43028,0.007248502178299304,1,199,815104,0.044072199163162115,0.99902862910246,11,0.0,51,102
ct_w5_i1,199,0,4096,sampled_full_fisher,17445125590088130877,0,,1.000009101483787,1.000009101483787,2.7174446026875756e-22,0.9738174150275721,634782090631.0144,0.0016681595774723466,1,199,815104,0.16669716150192004,0.9999998739684647,11,0.0,51,1326
ct_w5_i1,199,0,4096,ray_plus_residual,17445125590088130877,1,19.0,0.04110457405592882,0.04110457405592882,0.9589095214342735,0.9589095214342735,,38.531461612090375,0,19,77824,0.978106472981048,0.21276322508324147,11,0.0,51,766
ct_w5_i1,199,1,4096,sampled_adam,13155550444347129118,0,,1.0000471803012285,1.0000471803012285,6.122723028172864e-22,0.9989140062677137,39096146095.03729,0.007597512967215537,1,199,815104,0.08913167801720394,0.9970988627427086,10,0.0,51,102
ct_w5_i1,199,1,4096,sampled_full_fisher,13155550444347129118,0,,1.0000160324950471,1.0000160324950471,6.707555692981919e-22,0.9741057469429523,724690323859.326,0.0031227268187754833,1,199,815104,0.2013014388346464,1.0000001985149398,10,0.0,51,1326
ct_w5_i1,199,1,4096,ray_plus_residual,13155550444347129118,1,20.0,0.05721250886323759,0.05721250886323759,0.9428089906017294,0.9428089906017294,,52.37876246091347,0,20,81920,0.9786325852550466,0.2101062135589677,10,0.0,51,766
ct_w5_i1,199,2,4096,sampled_adam,4216997694325348777,0,,1.0000526418396731,1.0000526418396731,8.898462172987263e-22,0.9990464858207362,38148467529.758224,0.00892708410802682,1,199,815104,0.1204779634261475,0.9958005756526358,10,0.0,51,102
ct_w5_i1,199,2,4096,sampled_full_fisher,4216997694325348777,0,,1.000010804738988,1.000010804738988,4.879951249512582e-22,0.9737710999725695,438452357057.87506,0.0019276167689460048,1,199,815104,0.19236289492064684,0.999999787971489,10,0.0,51,1326
ct_w5_i1,199,2,4096,ray_plus_residual,4216997694325348777,1,19.0,0.06488854271698763,0.06488854271698763,0.9351263115236064,0.9351263115236064,,59.19314691696971,0,19,77824,0.9777815809417474,0.21438968634351915,10,0.0,51,766
ct_w5_i1,199,3,4096,sampled_adam,17173211430564576678,0,,1.000046023835031,1.000046023835031,8.343268229817267e-23,0.9990108471024058,106833452809.78441,0.0077456705282388915,1,199,815104,0.24250944681349207,0.9901484550080524,13,0.0,51,102
ct_w5_i1,199,3,4096,sampled_full_fisher,17173211430564576678,0,,1.0000089129395544,1.0000089129395544,8.921228024404588e-24,0.9740497514080316,422940144542.9118,0.0017412316749818237,1,199,815104,0.21121789117471315,0.9999999236092683,13,0.0,51,1326
ct_w5_i1,199,3,4096,ray_plus_residual,17173211430564576678,1,19.0,0.055695290753915216,0.055695290753915216,0.9443364960285262,0.9443364960285262,,51.451034387387175,0,19,77824,0.980311396569176,0.20142350439102322,13,0.0,51,766
ct_w5_i1,199,4,4096,sampled_adam,17128122637540318100,0,,1.0000701304117214,1.0000701304117214,2.891607223130351e-21,0.9982253958689246,52219005337.22887,0.011337080501802302,1,199,815104,0.2167774216284996,0.9914044052959782,12,0.0,51,102
ct_w5_i1,199,4,4096,sampled_full_fisher,17128122637540318100,0,,1.0000110250109415,1.0000110250109415,1.323413112548554e-21,0.9740820337948801,371194151643.2393,0.0020570318791185613,1,199,815104,0.24964222495800412,1.0000005422235105,12,0.0,51,1326
ct_w5_i1,199,4,4096,ray_plus_residual,17128122637540318100,1,20.0,0.03765981442266764,0.03765981442266764,0.9623491343979506,0.9623491343979506,,35.18614025124293,0,20,81920,0.9795312466920961,0.20549846502733204,12,0.0,51,766
ct_w5_i1,999,-1,0,analytic_target_cooling,0,1,77.0,0.09254964201037197,0.09254964201037197,0.9074503579896259,0.9074503579896259,,870.6632186547282,0,0,0,1.0,0.0,-1,0.0,51,51
ct_w5_i1,999,0,64,sampled_adam,13809496172901782985,0,,1.0003783202520058,1.0003783202520058,8.518057751399243e-17,0.985296323643814,,0.6395396473282648,0,199,12736,,1.0,0,0.0,51,102
ct_w5_i1,999,0,64,sampled_full_fisher,13809496172901782985,0,,1.000301761501488,1.000301761501488,1.015688353184413e-17,0.9954876993681329,,0.52957664818703,0,199,12736,,1.0,0,0.0,51,1326
ct_w5_i1,999,0,64,ray_plus_residual,13809496172901782985,1,25.0,0.050841534942279054,0.050841534942279054,0.949179663360148,0.949179663360148,,413.39149717369304,0,25,1600,0.9949541443088158,0.1008395284874068,0,0.0,51,766
ct_w5_i1,999,1,64,sampled_adam,12059169997034565191,0,,1.0004373683177334,1.000528417234209,2.2123067510798051e-16,0.9432117683791695,,1.2003997392107553,0,199,12736,,1.0,1,0.0,51,102
ct_w5_i1,999,1,64,sampled_full_fisher,12059169997034565191,0,,1.000283724276425,1.000283724276425,1.4819688620558985e-17,0.9955189163114874,,0.4915379114176464,0,199,12736,,1.0,1,0.0,51,1326
ct_w5_i1,999,1,64,ray_plus_residual,12059169997034565191,1,25.0,0.06186824306918837,0.06186824306918837,0.9381904801003729,0.9381904801003729,,485.7929610195129,0,25,1600,0.9949541443088158,0.1008395284874068,1,0.0,51,766
ct_w5_i1,999,2,64,sampled_adam,1462899914946763579,0,,1.000383040403694,1.0004303508382328,8.060760773654104e-17,0.9772595188435785,,0.7654369785013887,0,199,12736,,1.0,0,0.0,51,102
ct_w5_i1,999,2,64,sampled_full_fisher,1462899914946763579,0,,1.000304753495037,1.000304753495037,4.038850352743735e-18,0.9955200285563692,,0.5424765987063386,0,199,12736,,1.0,0,0.0,51,1326
ct_w5_i1,999,2,64,ray_plus_residual,1462899914946763579,1,25.0,0.04986197931697234,0.04986197931697234,0.9501561714171642,0.9501561714171642,,402.5521176641187,0,25,1600,0.9949541443088158,0.1008395284874068,0,0.0,51,766
ct_w5_i1,999,3,64,sampled_adam,1383923455472923960,0,,1.0003287356326638,1.0007015469247307,1.551571988091808e-16,0.8729603105857434,,2.280305381937289,0,199,12736,,1.0,0,0.0,51,102
ct_w5_i1,999,3,64,sampled_full_fisher,1383923455472923960,0,,1.000246346813631,1.000246346813631,7.003093659702134e-18,0.9959131970394818,,0.44852395842400783,0,199,12736,,1.0,0,0.0,51,1326
ct_w5_i1,999,3,64,ray_plus_residual,1383923455472923960,1,25.0,0.05466653241558994,0.05466653241558994,0.9453409089195843,0.9453409089195843,,445.28215270935067,0,25,1600,0.9949541443088158,0.1008395284874068,0,0.0,51,766
ct_w5_i1,999,4,64,sampled_adam,1631642788011504667,0,,1.000365427841853,1.000365427841853,6.855404127774935e-18,0.9982291716442245,,0.6906307754434421,0,199,12736,,1.0,0,0.0,51,102
ct_w5_i1,999,4,64,sampled_full_fisher,1631642788011504667,0,,1.0004687652067457,1.0004687652067457,7.452100871635927e-18,0.9969358104302138,,0.8302392420071941,0,199,12736,,1.0,0,0.0,51,1326
ct_w5_i1,999,4,64,ray_plus_residual,1631642788011504667,1,24.0,0.09700973060657425,0.09700973060657425,0.9030045032141195,0.9030045032141195,,810.9711135182504,0,24,1536,0.9949541443088158,0.1008395284874068,0,0.0,51,766
ct_w5_i1,999,0,256,sampled_adam,10721575883025319618,0,,1.0000960613979561,1.0000960613979561,4.121365917704694e-20,0.996869657798375,,0.15526132202040402,0,199,50944,,1.0,0,0.0,51,102
ct_w5_i1,999,0,256,sampled_full_fisher,10721575883025319618,0,,1.0001447370671315,1.0001447370671315,4.580078488749419e-19,0.9964639096081676,,0.24778926866168824,0,199,50944,,1.0,0,0.0,51,1326
ct_w5_i1,999,0,256,ray_plus_residual,10721575883025319618,1,24.0,0.0789404236605229,0.0789404236605229,0.9210632493445393,0.9210632493445393,,687.4069530578774,0,24,6144,0.9949541443088158,0.1008395284874068,0,0.0,51,766
ct_w5_i1,999,1,256,sampled_adam,13811875513539722068,0,,1.0002455145008575,1.0002605608321584,4.4524587615703066e-18,0.9342461365861595,,0.7073159112508919,0,199,50944,,1.0,1,0.0,51,102
ct_w5_i1,999,1,256,sampled_full_fisher,13811875513539722068,0,,1.0001362966347678,1.0001362966347678,1.398159672048387e-19,0.9987949300340037,,0.253775796802849,0,199,50944,,1.0,1,0.0,51,1326
ct_w5_i1,999,1,256,ray_plus_residual,13811875513539722068,1,23.0,0.09145320185432304,0.09145320185432304,0.9085519396517165,0.9085519396517165,,819.4247210958081,0,23,5888,0.9949541443088158,0.1008395284874068,1,0.0,51,766
ct_w5_i1,999,2,256,sampled_adam,9550333329691283319,0,,1.0000968206426517,1.0000968206426517,1.3096154690672444e-18,0.9725527676585127,,0.17398445367782975,0,199,50944,,1.0,1,0.0,51,102
ct_w5_i1,999,2,256,sampled_full_fisher,9550333329691283319,0,,1.0001346078796054,1.0001346078796054,1.825122636810019e-19,0.9986201237534335,,0.2364093394980594,0,199,50944,,1.0,1,0.0,51,1326
ct_w5_i1,999,2,256,ray_plus_residual,9550333329691283319,1,24.0,0.060446668328475894,0.060446668328475894,0.9395713612486422,0.9395713612486422,,522.9742037630621,0,24,6144,0.9949541443088158,0.1008395284874068,1,0.0,51,766
ct_w5_i1,999,3,256,sampled_adam,4432257825214601437,0,,1.000125009451578,1.000125009451578,7.831809009406021e-20,0.9970875020492654,,0.22726003395429614,0,199,50944,,1.0,2,0.0,51,102
ct_w5_i1,999,3,256,sampled_full_fisher,4432257825214601437,0,,1.0001217853414452,1.0001217853414452,1.3064709190500616e-19,0.997629418836969,,0.2375988939854446,0,199,50944,,1.0,2,0.0,51,1326
ct_w5_i1,999,3,256,ray_plus_residual,4432257825214601437,1,24.0,0.08511100708853192,0.08511100708853192,0.9149056570130563,0.9149056570130563,,686.6614628346188,0,24,6144,0.9949541443088158,0.1008395284874068,2,0.0,51,766
ct_w5_i1,999,4,256,sampled_adam,1956625260451466043,0,,1.0002759632208775,1.0002760506044996,5.419976189307857e-18,0.9920686740382355,,0.49879263195197726,0,199,50944,,1.0,0,0.0,51,102
ct_w5_i1,999,4,256,sampled_full_fisher,1956625260451466043,0,,1.000220166170097,1.000220166170097,9.494489573895003e-19,0.9976878255485297,,0.397862975400405,0,199,50944,,1.0,0,0.0,51,1326
ct_w5_i1,999,4,256,ray_plus_residual,1956625260451466043,1,24.0,0.0772694261443796,0.0772694261443796,0.9227381690051719,0.9227381690051719,,672.4803818915134,0,24,6144,0.9949541443088158,0.1008395284874068,0,0.0,51,766
ct_w5_i1,999,0,1024,sampled_adam,12456395985211460046,0,,1.000043392382679,1.000043392382679,3.474740590516657e-21,0.9955868603680742,81919206154.96257,0.06905891898111789,1,199,203776,,1.0,3,0.0,51,102
ct_w5_i1,999,0,1024,sampled_full_fisher,12456395985211460046,0,,1.0000369571415657,1.0000369571415657,2.1007219404428492e-22,0.9956818266612655,123981511883.94392,0.06733289995357132,1,199,203776,,1.0,3,0.0,51,1326
ct_w5_i1,999,0,1024,ray_plus_residual,12456395985211460046,1,24.0,0.03549369482704812,0.03549369482704812,0.9645080429993942,0.9645080429993942,,329.86861903608184,0,24,24576,0.9949541443088158,0.1008395284874068,3,0.0,51,766
ct_w5_i1,999,1,1024,sampled_adam,16562343370258001512,0,,1.0001013299535764,1.0001013299535764,4.183627053884139e-20,0.9968708840460335,,0.1856275450016202,0,199,203776,0.03151754823444347,0.9995678974550501,2,0.0,51,102
ct_w5_i1,999,1,1024,sampled_full_fisher,16562343370258001512,0,,1.000023231758604,1.000023231758604,2.376821810194612e-22,0.9967950112064918,191395487615.2827,0.04123046610620923,1,199,203776,0.051434449985488,1.0000000000000966,2,0.0,51,1326
ct_w5_i1,999,1,1024,ray_plus_residual,16562343370258001512,1,23.0,0.09547107093255747,0.09547107093255747,0.9045370876537387,0.9045370876537387,,834.4238612463487,0,23,23552,0.9793812120438905,0.2062740138628234,2,0.0,51,766
ct_w5_i1,999,2,1024,sampled_adam,1592902319086406734,0,,1.0000426958562372,1.0000426958562372,1.0978685246742154e-21,0.997516052051858,212473535676.49506,0.07425952702432306,1,199,203776,,1.0,2,0.0,51,102
ct_w5_i1,999,2,1024,sampled_full_fisher,1592902319086406734,0,,1.000045875508869,1.000045875508869,5.877080461114539e-22,0.9956790754002174,46566146911.748474,0.08681963543196088,1,199,203776,,1.0,2,0.0,51,1326
ct_w5_i1,999,2,1024,ray_plus_residual,1592902319086406734,1,23.0,0.0556648753928517,0.0556648753928517,0.9443381014642307,0.9443381014642307,,517.2134743873943,0,23,23552,0.9949541443088158,0.1008395284874068,2,0.0,51,766
ct_w5_i1,999,3,1024,sampled_adam,9374760812503546294,0,,1.0000624008935777,1.0000624008935777,2.4808831345508713e-21,0.9980975695318934,,0.1097592484140902,0,199,203776,0.0001566506758149282,1.0002991852023648,3,0.0,51,102
ct_w5_i1,999,3,1024,sampled_full_fisher,9374760812503546294,0,,1.0000426400002382,1.0000426400002382,5.491129920634216e-22,0.9962313313019603,167187993597.37256,0.08041725460854642,1,199,203776,0.05143445093487609,0.9999999999024682,3,0.0,51,1326
ct_w5_i1,999,3,1024,ray_plus_residual,9374760812503546294,1,23.0,0.09221573535954697,0.09221573535954697,0.9077870870870532,0.9077870870870532,,825.7815890448834,0,23,23552,0.9779490804748825,0.21355250150710037,3,0.0,51,766
ct_w5_i1,999,4,1024,sampled_adam,3704780282798633170,0,,1.000123396482163,1.000123396482163,7.800348845295732e-20,0.9978653726287594,,0.24425701687934145,0,199,203776,0.00010077254070633207,1.00030110607601,3,0.0,51,102
ct_w5_i1,999,4,1024,sampled_full_fisher,3704780282798633170,0,,1.0000254857691022,1.0000254857691022,1.9581613089025984e-22,0.9951471819758596,411255108370.7229,0.04436676866085497,1,199,203776,0.05143439069843913,1.0000000060989074,3,0.0,51,1326
ct_w5_i1,999,4,1024,ray_plus_residual,3704780282798633170,1,23.0,0.051918232711992474,0.051918232711992474,0.9480921034118265,0.9480921034118265,,470.17169885958697,0,23,23552,0.9768794786458059,0.21885069069986496,3,0.0,51,766
ct_w5_i1,999,0,4096,sampled_adam,6071857637555699516,0,,1.0000209693303344,1.0000209693303344,4.35719963084907e-23,0.9996472822156752,20094291097.841778,0.033054627081942255,1,199,815104,0.06040997458820326,0.9985855223940482,5,0.0,51,102
ct_w5_i1,999,0,4096,sampled_full_fisher,6071857637555699516,0,,1.0000082322956576,1.0000082322956576,9.785146151162233e-25,0.9957026706845737,601274540110.7484,0.01488309062031117,1,199,815104,0.12036890665896918,0.9999998803505258,5,0.0,51,1326
ct_w5_i1,999,0,4096,ray_plus_residual,6071857637555699516,1,23.0,0.05135658269331955,0.05135658269331955,0.9486459462816615,0.9486459462816615,,482.2059243757029,0,23,94208,0.9781228524928017,0.21268094038753002,5,0.0,51,766
ct_w5_i1,999,1,4096,sampled_adam,2684169605373127941,0,,1.0000203918136084,1.0000203918136084,8.07117585560262e-23,0.9989182196767732,74450107674.40996,0.03311145815266296,1,199,815104,0.000437178870591215,1.0002892794070712,3,0.0,51,102
ct_w5_i1,999,1,4096,sampled_full_fisher,2684169605373127941,0,,1.0000045708852028,1.0000045708852028,1.1036354027873981e-24,0.9957043272845554,320689360024.5429,0.008104275208930065,1,199,815104,0.05143444977576137,1.0000000000214808,3,0.0,51,1326
ct_w5_i1,999,1,4096,ray_plus_residual,2684169605373127941,1,22.0,0.06668744413590133,0.06668744413590133,0.9333149629767941,0.9333149629767941,,617.0234703149118,0,22,90112,0.9782148313476143,0.2122183564926613,3,0.0,51,766
ct_w5_i1,999,2,4096,sampled_adam,14968675361489966459,0,,1.0000279778790002,1.0000279778790002,9.588343453319695e-22,0.998784933636577,28561617945.3397,0.04677491068162124,1,199,815104,,1.0,2,0.0,51,102
ct_w5_i1,999,2,4096,sampled_full_fisher,14968675361489966459,0,,1.0000093494280584,1.0000093494280584,1.3194285487526896e-24,0.9968620389391227,474884086643.5338,0.017164624219954846,1,199,815104,,1.0,2,0.0,51,1326
ct_w5_i1,999,2,4096,ray_plus_residual,14968675361489966459,1,22.0,0.07989361570087361,0.07989361570087361,0.9201090533813613,0.9201090533813613,,732.7923018000638,0,22,90112,0.9949541443088158,0.1008395284874068,2,0.0,51,766
ct_w5_i1,999,3,4096,sampled_adam,11419774849153918502,0,,1.0000196428493844,1.0000196428493844,7.127075194652336e-23,0.9958440062416783,305388755792.88745,0.03132586237441883,1,199,815104,0.04954684628379692,0.999057766018946,3,0.0,51,102
ct_w5_i1,999,3,4096,sampled_full_fisher,11419774849153918502,0,,1.0000121800924564,1.0000121800924564,2.1717353766636102e-23,0.9957009771881613,237119325141.19144,0.026266987816842856,1,199,815104,0.08139523152419505,1.000000075083972,3,0.0,51,1326
ct_w5_i1,999,3,4096,ray_plus_residual,11419774849153918502,1,23.0,0.031760359248943715,0.031760359248943715,0.9682421339694071,0.9682421339694071,,302.33204756335243,0,23,94208,0.977176347142565,0.21739138707286124,3,0.0,51,766
ct_w5_i1,999,4,4096,sampled_adam,15226408490369958842,0,,1.0000185210832448,1.0000185210832448,3.471820553840992e-23,0.9991996308652175,66611641165.55456,0.029796949404793056,1,199,815104,,1.0,2,0.0,51,102
ct_w5_i1,999,4,4096,sampled_full_fisher,15226408490369958842,0,,1.0000100690573923,1.0000100690573923,2.698536013198929e-23,0.9957015162419846,914009336204.8656,0.01931171816280922,1,199,815104,,1.0,2,0.0,51,1326
ct_w5_i1,999,4,4096,ray_plus_residual,15226408490369958842,1,23.0,0.07363710789049804,0.07363710789049804,0.9263665695031976,0.9263665695031976,,676.1478573257624,0,23,94208,0.9949541443088158,0.1008395284874068,2,0.0,51,766
ct_w6_i1,199,-1,0,analytic_target_cooling,0,1,47.0,0.06436561288741416,0.06436561288741416,0.9356343871126003,0.9356343871126003,,51.79134116964125,0,0,0,1.0,0.0,-1,0.0,52,52
ct_w6_i1,199,0,64,sampled_adam,6339652473163651937,0,,1.0010266868731446,1.0010266868731446,2.85259668887265e-12,0.9479262801835652,,0.17972664717488507,0,199,12736,3.226979281712839e-07,1.0003096177309097,3,0.0,52,104
ct_w6_i1,199,0,64,sampled_full_fisher,6339652473163651937,0,,1.000556940304973,1.000556940304973,2.503748510258087e-12,0.9706067800942405,3528464708.423436,0.08742131709544033,1,199,12736,0.051847570971072184,1.000000001427317,3,0.0,52,1378
ct_w6_i1,199,0,64,ray_plus_residual,6339652473163651937,1,19.0,0.0749022366038794,0.0749022366038794,0.9251003840710748,0.9251003840710748,,54.67977714582129,0,19,1216,0.9794975505576105,0.20567286835905985,3,0.0,52,802
ct_w6_i1,199,1,64,sampled_adam,5591386722200647369,0,,1.0007593319556314,1.0007593319556314,6.275856149892724e-13,0.597775587423015,,0.18132486529739905,0,199,12736,0.021780646708710053,0.9997935172600917,3,0.0,52,104
ct_w6_i1,199,1,64,sampled_full_fisher,5591386722200647369,0,,1.0005073539737221,1.0005073539737221,6.129788080199592e-13,0.9685771320095645,26916806718.481102,0.0869837858775918,1,199,12736,0.06350043940393367,0.9999999522601286,3,0.0,52,1378
ct_w6_i1,199,1,64,ray_plus_residual,5591386722200647369,1,19.0,0.05540520383987335,0.05540520383987335,0.9445977000539737,0.9445977000539737,,40.13668658669753,0,19,1216,0.9786690037923327,0.2099212050962938,3,0.0,52,802
ct_w6_i1,199,2,64,sampled_adam,8308338695404359699,0,,1.0008146888851854,1.0008146888851854,5.223682421458143e-12,0.9334871575244122,,0.12988109229763578,0,199,12736,0.05679627429836734,0.9989672079037957,2,0.0,52,104
ct_w6_i1,199,2,64,sampled_full_fisher,8308338695404359699,0,,1.0006658911456388,1.0006658911456388,7.536233039248234e-12,0.9767287342727168,,0.11875639385907429,0,199,12736,0.08032172431256124,1.0000000335066361,2,0.0,52,1378
ct_w6_i1,199,2,64,ray_plus_residual,8308338695404359699,1,19.0,0.07862051970137962,0.07862051970137962,0.9213848226221051,0.9213848226221051,,56.528570228098566,0,19,1216,0.9803090719691445,0.2014357543398899,2,0.0,52,802
ct_w6_i1,199,3,64,sampled_adam,17786082893312629702,0,,1.0007374172492138,1.0007374172492138,4.966153889583858e-12,0.9763097593565027,,0.11449893183686008,0,199,12736,,1.0,3,0.0,52,104
ct_w6_i1,199,3,64,sampled_full_fisher,17786082893312629702,0,,1.0004408383255896,1.0004408383255896,8.982121209955462e-13,0.9735533468906734,70377537838.32567,0.08164208458282284,1,199,12736,,1.0,3,0.0,52,1378
ct_w6_i1,199,3,64,ray_plus_residual,17786082893312629702,1,19.0,0.05855742269239528,0.05855742269239528,0.9414460647246822,0.9414460647246822,,41.358700992300136,0,19,1216,0.9970847042368043,0.07652573321952114,3,0.0,52,802
ct_w6_i1,199,4,64,sampled_adam,16243274505924088857,0,,1.0008696331855251,1.0008696331855251,4.860717325432633e-12,0.991456423230378,,0.1500929839703886,0,199,12736,,1.0,0,0.0,52,104
ct_w6_i1,199,4,64,sampled_full_fisher,16243274505924088857,0,,1.0007260766614738,1.0007260766614738,3.0363440332836135e-12,0.9844019965000369,,0.12570392290514024,0,199,12736,,1.0,0,0.0,52,1378
ct_w6_i1,199,4,64,ray_plus_residual,16243274505924088857,1,19.0,0.05485986721951086,0.05485986721951086,0.9451453316214685,0.9451453316214685,,38.444665333521996,0,19,1216,0.9970847042368043,0.07652573321952114,0,0.0,52,802
ct_w6_i1,199,0,256,sampled_adam,4942883241138303271,0,,1.000499526517494,1.000499526517494,2.7081744040392784e-13,0.9962767106285405,1982868086.0533452,0.09122648098235697,1,199,50944,0.019149018858209823,0.9999224627847837,5,0.0,52,104
ct_w6_i1,199,0,256,sampled_full_fisher,4942883241138303271,0,,1.0001829918553167,1.0001829918553167,9.711124586753544e-15,0.9650184185285183,148249704351.7399,0.03945785427231716,1,199,50944,0.10625571830060049,1.000000044908817,5,0.0,52,1378
ct_w6_i1,199,0,256,ray_plus_residual,4942883241138303271,1,17.0,0.09081468812466476,0.09081468812466476,0.909195127788013,0.909195127788013,,66.85594725990914,0,17,4352,0.9792988825768164,0.20669850009770713,5,0.0,52,802
ct_w6_i1,199,1,256,sampled_adam,15624139608077788849,0,,1.0004382047095977,1.0004382047095977,2.122658936364915e-12,0.9787962325835325,8140872366.53893,0.0737754493999866,1,199,50944,0.06735617954786202,0.9984761734130275,4,0.0,52,104
ct_w6_i1,199,1,256,sampled_full_fisher,15624139608077788849,0,,1.000284792366676,1.000284792366676,3.5593093912857223e-13,0.965845583641477,21353148024.82696,0.061721215086884045,1,199,50944,0.09705803203855959,1.000000028271548,4,0.0,52,1378
ct_w6_i1,199,1,256,ray_plus_residual,15624139608077788849,1,18.0,0.0866211979020921,0.0866211979020921,0.9133836812959383,0.9133836812959383,,63.212096041812494,0,18,4608,0.9799554087499772,0.20329186154126017,4,0.0,52,802
ct_w6_i1,199,2,256,sampled_adam,10119151551679255022,0,,1.0003003953343352,1.0003003953343352,9.861693909973253e-14,0.9874528263507032,8712829553.332958,0.04471185757594744,1,199,50944,-0.022442535697935223,1.0010570751721435,4,0.0,52,104
ct_w6_i1,199,2,256,sampled_full_fisher,10119151551679255022,0,,1.000173642467713,1.000173642467713,6.62590606675329e-14,0.9693446274138591,57311494288.81251,0.02880140566269006,1,199,50944,0.051847580707685914,1.000000000417631,4,0.0,52,1378
ct_w6_i1,199,2,256,ray_plus_residual,10119151551679255022,1,19.0,0.056933710722482544,0.056933710722482544,0.9430687623357878,0.9430687623357878,,43.060282031155324,0,19,4864,0.9799702128079786,0.203214466224991,4,0.0,52,802
ct_w6_i1,199,3,256,sampled_adam,2195119008235945274,0,,1.0003304567722768,1.0003304567722768,3.5227585781403947e-13,0.9870078899615026,23169841927.845657,0.05276365536374807,1,199,50944,9.131964712965912e-06,1.0003093081320302,3,0.0,52,104
ct_w6_i1,199,3,256,sampled_full_fisher,2195119008235945274,0,,1.000238653471568,1.000238653471568,1.1680621363402692e-13,0.9649547529418263,142483857807.1546,0.04614589855272049,1,199,50944,0.051847583716498315,1.0000000001056928,3,0.0,52,1378
ct_w6_i1,199,3,256,ray_plus_residual,2195119008235945274,1,18.0,0.07293397183324757,0.07293397183324757,0.9270712980114045,0.9270712980114045,,50.81397788802433,0,18,4608,0.9794842483653194,0.20574168165419293,3,0.0,52,802
ct_w6_i1,199,4,256,sampled_adam,3734693048811586962,0,,1.0003050656644916,1.0003050656644916,1.1441502547685106e-13,0.9835677212523383,23467030140.138256,0.051014390555667394,1,199,50944,0.05679658656979259,0.9989672054351683,2,0.0,52,104
ct_w6_i1,199,4,256,sampled_full_fisher,3734693048811586962,0,,1.0002189011406113,1.0002189011406113,5.795728210748729e-13,0.9656707851929737,34984774956.768906,0.03830858452336621,1,199,50944,0.0803222022011227,0.9999999567365802,2,0.0,52,1378
ct_w6_i1,199,4,256,ray_plus_residual,3734693048811586962,1,17.0,0.08845276816064995,0.08845276816064995,0.9115529596073277,0.9115529596073277,,66.21130750627033,0,17,4352,0.9794765240528107,0.2057816308607032,2,0.0,52,802
ct_w6_i1,199,0,1024,sampled_adam,18244530465770264208,0,,1.0001465756329502,1.0001465756329502,1.8451494503443916e-14,0.9968921591626168,7700772391.043367,0.023847342112308777,1,199,203776,0.051848881733344496,0.9987604779454531,6,0.0,52,104
ct_w6_i1,199,0,1024,sampled_full_fisher,18244530465770264208,0,,1.0000551401468645,1.0000551401468645,3.5351104034749204e-15,0.9658281190851372,851573431670.9368,0.011037995835646568,1,199,203776,0.12314985727212806,1.0000000206937716,6,0.0,52,1378
ct_w6_i1,199,0,1024,ray_plus_residual,18244530465770264208,1,17.0,0.04755528337010162,0.04755528337010162,0.9524520669575395,0.9524520669575395,,37.13169216509819,0,17,17408,0.9786809656570102,0.20986040699642186,6,0.0,52,802
ct_w6_i1,199,1,1024,sampled_adam,6718997830645569757,0,,1.000100892109895,1.000100892109895,5.996697038280951e-16,0.9970283108361706,150614448344.07333,0.017523360754839297,1,199,203776,0.01730855390028377,1.0000505800467192,7,0.0,52,104
ct_w6_i1,199,1,1024,sampled_full_fisher,6718997830645569757,0,,1.000077922396411,1.000077922396411,9.088071064284084e-16,0.9657569188315034,414417896306.2588,0.019898359915130205,1,199,203776,0.11645950817557282,1.0000002328079856,7,0.0,52,1378
ct_w6_i1,199,1,1024,ray_plus_residual,6718997830645569757,1,17.0,0.06030015121845089,0.06030015121845089,0.9397078822962683,0.9397078822962683,,45.192367084152686,0,17,17408,0.9798819659112482,0.20367543612275046,7,0.0,52,802
ct_w6_i1,199,2,1024,sampled_adam,14887518027390064139,0,,1.0001333955154212,1.0001333955154212,4.7641769897581484e-15,0.9976533637747272,17345656428.2527,0.02112480686570688,1,199,203776,0.036673529656748534,0.999328397502935,6,0.0,52,104
ct_w6_i1,199,2,1024,sampled_full_fisher,14887518027390064139,0,,1.0000324618547225,1.0000324618547225,2.652612110024984e-17,0.9655382387143046,715068434089.3784,0.006189125946664055,1,199,203776,0.10875655729758824,0.9999999682325258,6,0.0,52,1378
ct_w6_i1,199,2,1024,ray_plus_residual,14887518027390064139,1,16.0,0.06411735587436773,0.06411735587436773,0.9358946395169501,0.9358946395169501,,49.570332069894945,0,16,16384,0.9794492265404233,0.20592275575663369,6,0.0,52,802
ct_w6_i1,199,3,1024,sampled_adam,12337781391579171274,0,,1.0001176790249033,1.0001176790249033,2.419926654274764e-14,0.9971891511954467,7640176602.2809,0.017404215274512618,1,199,203776,0.03397578384231969,0.9994308030097604,7,0.0,52,104
ct_w6_i1,199,3,1024,sampled_full_fisher,12337781391579171274,0,,1.0000631241248126,1.0000631241248126,1.1283948171316993e-14,0.9658043221029644,122560181863.56131,0.012421764332497092,1,199,203776,0.11556460376955856,0.9999999833506362,7,0.0,52,1378
ct_w6_i1,199,3,1024,ray_plus_residual,12337781391579171274,1,16.0,0.08286308814134458,0.08286308814134458,0.9171485913311038,0.9171485913311038,,62.4754640185903,0,16,16384,0.9800076672380755,0.20301853914752316,7,0.0,52,802
ct_w6_i1,199,4,1024,sampled_adam,2242112704369692309,0,,1.0001368389861902,1.0001368389861902,6.289765526238962e-15,0.9979208307274757,23413092635.425816,0.021551952042876583,1,199,203776,0.041206632585061444,0.9991996117485024,6,0.0,52,104
ct_w6_i1,199,4,1024,sampled_full_fisher,2242112704369692309,0,,1.0000348142841666,1.0000348142841666,6.565739867494961e-16,0.9653420084630372,943155586367.3722,0.005700013596364613,1,199,203776,0.13258590205288603,1.0000002089071043,6,0.0,52,1378
ct_w6_i1,199,4,1024,ray_plus_residual,2242112704369692309,1,17.0,0.05319743701956625,0.05319743701956625,0.9468115474026166,0.9468115474026166,,40.860104813094296,0,17,17408,0.9798679240773466,0.2037487008797851,6,0.0,52,802
ct_w6_i1,199,0,4096,sampled_adam,350679986322854448,0,,1.0000519147314897,1.0000519147314897,2.081776786187985e-16,0.9985868748230032,99830879715.72249,0.008002745074299303,1,199,815104,0.11123292036308757,0.9962997767308159,10,0.0,52,104
ct_w6_i1,199,0,4096,sampled_full_fisher,350679986322854448,0,,1.0000097836449164,1.0000097836449164,8.88521760974912e-19,0.9657801033801283,734763507734.9363,0.0020566645916631297,1,199,815104,0.17959613184498693,0.9999995008166965,10,0.0,52,1378
ct_w6_i1,199,0,4096,ray_plus_residual,350679986322854448,1,17.0,0.08462649275384138,0.08462649275384138,0.9153763347555975,0.9153763347555975,,64.99834300902955,0,17,69632,0.9797885695307084,0.2041623065854163,10,0.0,52,802
ct_w6_i1,199,1,4096,sampled_adam,18168768441622460689,0,,1.0000541964597094,1.0000541964597094,2.1414425939495025e-16,0.9993452501854515,39155670803.39453,0.008970666883125922,1,199,815104,0.08877865978888616,0.9970715722713638,10,0.0,52,104
ct_w6_i1,199,1,4096,sampled_full_fisher,18168768441622460689,0,,1.0000117611607884,1.0000117611607884,2.622475448971785e-19,0.9651677057850334,603770300938.7333,0.002044722153457964,1,199,815104,0.14814704654154767,1.0000000328549326,10,0.0,52,1378
ct_w6_i1,199,1,4096,ray_plus_residual,18168768441622460689,1,18.0,0.04683378442416597,0.04683378442416597,0.9531684496374003,0.9531684496374003,,37.150473565312154,0,18,73728,0.9807202244767869,0.19925875988823274,10,0.0,52,802
ct_w6_i1,199,2,4096,sampled_adam,4097024367064326388,0,,1.0000550562612815,1.0000550562612815,7.605721997781351e-17,0.9989045688920734,116310892571.96129,0.008991171860483795,1,199,815104,-0.01477402414419616,1.0015632181571263,9,0.0,52,104
ct_w6_i1,199,2,4096,sampled_full_fisher,4097024367064326388,0,,1.0000068784902805,1.0000068784902805,6.908846693791383e-19,0.9652110636785843,701100018511.6516,0.0011027853621987445,1,199,815104,0.11292094252187995,0.9999999925994123,9,0.0,52,1378
ct_w6_i1,199,2,4096,ray_plus_residual,4097024367064326388,1,17.0,0.046044632550007236,0.046044632550007236,0.9539584621437835,0.9539584621437835,,36.65108564207186,0,17,69632,0.9794790771528605,0.20576842729076184,9,0.0,52,802
ct_w6_i1,199,3,4096,sampled_adam,6244459709540165049,0,,1.0000577933408916,1.0000577933408916,1.5712966241344333e-16,0.9988293743681155,139032579636.8105,0.009418916382396789,1,199,815104,0.14967281671172356,0.9944620674497856,11,0.0,52,104
ct_w6_i1,199,3,4096,sampled_full_fisher,6244459709540165049,0,,1.0000055440226543,1.0000055440226543,4.481445427409362e-20,0.9652067417493773,959859217979.5502,0.0008982435057832709,1,199,815104,0.2226918710274963,1.0000002072478409,11,0.0,52,1378
ct_w6_i1,199,3,4096,ray_plus_residual,6244459709540165049,1,17.0,0.08749258807944038,0.08749258807944038,0.9125112863017559,0.9125112863017559,,66.57535596605162,0,17,69632,0.979665509914718,0.20480225445214642,11,0.0,52,802
ct_w6_i1,199,4,4096,sampled_adam,14179106677881742449,0,,1.0000485908553536,1.0000485908553536,3.9052867207271914e-17,0.9992066187240333,155516998469.08545,0.007847598117858989,1,199,815104,0.18938223596574846,0.9925660279141111,12,0.0,52,104
ct_w6_i1,199,4,4096,sampled_full_fisher,14179106677881742449,0,,1.0000131601272333,1.0000131601272333,2.0327586419532703e-18,0.9651199675266727,514540955179.2302,0.002652044188325447,1,199,815104,0.21652970675000516,0.9999999882018465,12,0.0,52,1378
ct_w6_i1,199,4,4096,ray_plus_residual,14179106677881742449,1,16.0,0.08951218451908005,0.08951218451908005,0.9104944199133509,0.9104944199133509,,68.47363472826011,0,16,65536,0.9791001332313335,0.20772010485739176,12,0.0,52,802
ct_w6_i1,999,-1,0,analytic_target_cooling,0,1,58.0,0.07624236486550906,0.07624236486550906,0.9237576351344913,0.9237576351344913,,615.4919062079683,0,0,0,1.0,0.0,-1,0.0,52,52
ct_w6_i1,999,0,64,sampled_adam,10368459341785116527,0,,1.0005410245237822,1.0005410245237822,3.080804723479722e-12,0.9954255874986813,,0.8498997471805277,0,199,12736,,1.0,0,0.0,52,104
ct_w6_i1,999,0,64,sampled_full_fisher,10368459341785116527,0,,1.0004733946867255,1.0004733946867255,9.279458049815417e-13,0.9954510268950543,,0.7665018728153821,0,199,12736,,1.0,0,0.0,52,1378
ct_w6_i1,999,0,64,ray_plus_residual,10368459341785116527,1,21.0,0.07141692840259495,0.07141692840259495,0.9285834023116134,0.9285834023116134,,557.7745788888844,0,21,1344,0.994840352078155,0.10197899170584897,0,0.0,52,802
ct_w6_i1,999,1,64,sampled_adam,4366295810358529168,0,,1.000430420931938,1.0004327347458908,2.4340036757383427e-12,0.9891707914353854,,0.6935389271161063,0,199,12736,,1.0,0,0.0,52,104
ct_w6_i1,999,1,64,sampled_full_fisher,4366295810358529168,0,,1.0003287434822905,1.0003287434822905,5.554042121318736e-13,0.9964571410306612,,0.5097978764366758,0,199,12736,,1.0,0,0.0,52,1378
ct_w6_i1,999,1,64,ray_plus_residual,4366295810358529168,1,21.0,0.07244325073515867,0.07244325073515867,0.9275569943904077,0.9275569943904077,,571.2787759095063,0,21,1344,0.994840352078155,0.10197899170584897,0,0.0,52,802
ct_w6_i1,999,2,64,sampled_adam,137413383659515702,0,,1.000428495494564,1.000428495494564,8.292285498612186e-13,0.9972832778171027,,0.631527379981589,0,199,12736,,1.0,1,0.0,52,104
ct_w6_i1,999,2,64,sampled_full_fisher,137413383659515702,0,,1.000408994400786,1.000408994400786,1.6926314508534695e-12,0.9965147332965432,,0.607263457535869,0,199,12736,,1.0,1,0.0,52,1378
ct_w6_i1,999,2,64,ray_plus_residual,137413383659515702,1,21.0,0.06879838264542038,0.06879838264542038,0.9312019559238334,0.9312019559238334,,540.6575390753586,0,21,1344,0.994840352078155,0.10197899170584897,1,0.0,52,802
ct_w6_i1,999,3,64,sampled_adam,12042417482777702261,0,,1.0004290698399618,1.0004828262439034,7.40266857445832e-12,0.9800291069807001,,0.8665889909550317,0,199,12736,,1.0,1,0.0,52,104
ct_w6_i1,999,3,64,sampled_full_fisher,12042417482777702261,0,,1.0003469671956093,1.0003469671956093,3.0813287819555387e-12,0.9955949137828427,,0.5664045549299142,0,199,12736,,1.0,1,0.0,52,1378
ct_w6_i1,999,3,64,ray_plus_residual,12042417482777702261,1,21.0,0.07114362139790842,0.07114362139790842,0.9288569276211133,0.9288569276211133,,546.087605588861,0,21,1344,0.994840352078155,0.10197899170584897,1,0.0,52,802
ct_w6_i1,999,4,64,sampled_adam,17294653935654378760,0,,1.0003995243774604,1.0003995243774604,9.155125730546597e-13,0.9955235726560736,,0.5937965418386555,0,199,12736,,1.0,0,0.0,52,104
ct_w6_i1,999,4,64,sampled_full_fisher,17294653935654378760,0,,1.0003794797216798,1.0003794797216798,5.548956048653839e-13,0.995544642832798,,0.5803827750664512,0,199,12736,,1.0,0,0.0,52,1378
ct_w6_i1,999,4,64,ray_plus_residual,17294653935654378760,1,21.0,0.06857869005845174,0.06857869005845174,0.9314216018930058,0.9314216018930058,,542.3070339998395,0,21,1344,0.994840352078155,0.10197899170584897,0,0.0,52,802
ct_w6_i1,999,0,256,sampled_adam,1495560975997763828,0,,1.0001374306078823,1.0001374306078823,1.752127793997853e-14,0.9829181565491892,,0.23339685079771894,0,199,50944,,1.0,0,0.0,52,104
ct_w6_i1,999,0,256,sampled_full_fisher,1495560975997763828,0,,1.0001531622062156,1.0001531622062156,8.442936967966721e-14,0.9983856047439807,,0.2738928022409884,0,199,50944,,1.0,0,0.0,52,1378
ct_w6_i1,999,0,256,ray_plus_residual,1495560975997763828,1,21.0,0.0576830982224692,0.0576830982224692,0.9423177017382485,0.9423177017382485,,430.75238286579946,0,21,5376,0.994840352078155,0.10197899170584897,0,0.0,52,802
ct_w6_i1,999,1,256,sampled_adam,3816370879942230463,0,,1.0001220463523985,1.0001220463523985,3.513071388000003e-14,0.9744373531569509,,0.2303321598064243,0,199,50944,,1.0,1,0.0,52,104
ct_w6_i1,999,1,256,sampled_full_fisher,3816370879942230463,0,,1.0001143717798193,1.0001143717798193,2.4028688355909257e-14,0.9966314027856602,,0.19665666883979743,0,199,50944,,1.0,1,0.0,52,1378
ct_w6_i1,999,1,256,ray_plus_residual,3816370879942230463,1,21.0,0.06314428412261464,0.06314428412261464,0.936856219053591,0.936856219053591,,489.79065690454325,0,21,5376,0.994840352078155,0.10197899170584897,1,0.0,52,802
ct_w6_i1,999,2,256,sampled_adam,229908143048288340,0,,1.0002365346657296,1.0002365346657296,3.885963787340385e-14,0.9893993009502793,,0.42830951592775135,0,199,50944,,1.0,1,0.0,52,104
ct_w6_i1,999,2,256,sampled_full_fisher,229908143048288340,0,,1.0001290375206207,1.0001290375206207,1.903764170508392e-15,0.9977140467971567,,0.2425025356373889,0,199,50944,,1.0,1,0.0,52,1378
ct_w6_i1,999,2,256,ray_plus_residual,229908143048288340,1,21.0,0.05937759604031001,0.05937759604031001,0.940622736322629,0.940622736322629,,471.72889814165023,0,21,5376,0.994840352078155,0.10197899170584897,1,0.0,52,802
ct_w6_i1,999,3,256,sampled_adam,15386745227308791479,0,,1.0001235796090207,1.0001235796090207,1.1916784573493817e-13,0.9986463020465303,,0.21053360955994077,0,199,50944,,1.0,2,0.0,52,104
ct_w6_i1,999,3,256,sampled_full_fisher,15386745227308791479,0,,1.0001530892293449,1.0001530892293449,1.5382370429995471e-13,0.9982776315153015,,0.27318678388375445,0,199,50944,,1.0,2,0.0,52,1378
ct_w6_i1,999,3,256,ray_plus_residual,15386745227308791479,1,21.0,0.041882323495769924,0.041882323495769924,0.9581180742351522,0.9581180742351522,,332.32054279407276,0,21,5376,0.994840352078155,0.10197899170584897,2,0.0,52,802
ct_w6_i1,999,4,256,sampled_adam,8221656115295219820,0,,1.0003724017429771,1.0003790413196594,1.9092376239305176e-12,0.9530609132774053,,0.6493987655667616,0,199,50944,,1.0,1,0.0,52,104
ct_w6_i1,999,4,256,sampled_full_fisher,8221656115295219820,0,,1.0001651556043054,1.0001651556043054,7.5108562200303e-14,0.9956980807142556,,0.2851217067415089,0,199,50944,,1.0,1,0.0,52,1378
ct_w6_i1,999,4,256,ray_plus_residual,8221656115295219820,1,21.0,0.06679830658807262,0.06679830658807262,0.9332020333901099,0.9332020333901099,,526.1536524330761,0,21,5376,0.994840352078155,0.10197899170584897,1,0.0,52,802
ct_w6_i1,999,0,1024,sampled_adam,10456197420923486695,0,,1.0000524789848146,1.0000524789848146,1.4596879479169055e-15,0.9976645982065508,67514225856.739716,0.09207808949230652,1,199,203776,0.031801822138581674,0.9995605230687103,2,0.0,52,104
ct_w6_i1,999,0,1024,sampled_full_fisher,10456197420923486695,0,,1.0000544531415159,1.0000544531415159,8.246582262830178e-15,0.9969070243732155,,0.1021253170239247,0,199,203776,0.051847584738243156,0.9999999999997768,2,0.0,52,1378
ct_w6_i1,999,0,1024,ray_plus_residual,10456197420923486695,1,20.0,0.05554147619166372,0.05554147619166372,0.9444590935544965,0.9444590935544965,,443.81768924954343,0,20,20480,0.978653397208666,0.21000050495249675,2,0.0,52,802
ct_w6_i1,999,1,1024,sampled_adam,3078636119883087277,0,,1.000075179332999,1.000075179332999,5.799536695306241e-15,0.9977712386801898,,0.1142393115041789,0,199,203776,,1.0,2,0.0,52,104
ct_w6_i1,999,1,1024,sampled_full_fisher,3078636119883087277,0,,1.0000531663423349,1.0000531663423349,2.004129838000796e-15,0.9957758226984041,195349668274.62143,0.0931389368522344,1,199,203776,,1.0,2,0.0,52,1378
ct_w6_i1,999,1,1024,ray_plus_residual,3078636119883087277,1,20.0,0.06766897575796804,0.06766897575796804,0.9323317648282337,0.9323317648282337,,533.400401058813,0,20,20480,0.994840352078155,0.10197899170584897,2,0.0,52,802
ct_w6_i1,999,2,1024,sampled_adam,15331115037152172788,0,,1.0000468941245124,1.0000468941245124,1.3276364757640696e-15,0.9988933808873162,29454203800.949192,0.07866350671185417,1,199,203776,,1.0,2,0.0,52,104
ct_w6_i1,999,2,1024,sampled_full_fisher,15331115037152172788,0,,1.000029988562055,1.000029988562055,3.570538998925853e-15,0.9956302644288305,166978896399.3643,0.05428772366717498,1,199,203776,,1.0,2,0.0,52,1378
ct_w6_i1,999,2,1024,ray_plus_residual,15331115037152172788,1,21.0,0.041042272014070846,0.041042272014070846,0.9589580757822046,0.9589580757822046,,331.16927439707786,0,21,21504,0.994840352078155,0.10197899170584897,2,0.0,52,802
ct_w6_i1,999,3,1024,sampled_adam,3751773332045617575,0,,1.000081604061947,1.000081604061947,9.90436084695956e-15,0.9971699766899172,,0.1526713387403547,0,199,203776,,1.0,2,0.0,52,104
ct_w6_i1,999,3,1024,sampled_full_fisher,3751773332045617575,0,,1.0000667468987174,1.0000667468987174,7.326457581606454e-15,0.9969114463577223,,0.12486694755020976,0,199,203776,,1.0,2,0.0,52,1378
ct_w6_i1,999,3,1024,ray_plus_residual,3751773332045617575,1,20.0,0.08148966649835643,0.08148966649835643,0.9185111813717077,0.9185111813717077,,626.2172931107967,0,20,20480,0.994840352078155,0.10197899170584897,2,0.0,52,802
ct_w6_i1,999,4,1024,sampled_adam,14411503720749864364,0,,1.0000717495508145,1.0000717495508145,6.310693784177016e-15,0.9941684719357654,,0.11644689643403189,0,199,203776,,1.0,2,0.0,52,104
ct_w6_i1,999,4,1024,sampled_full_fisher,14411503720749864364,0,,1.0000404084906336,1.0000404084906336,3.99341442079292e-15,0.9957835369791266,258103367064.29147,0.07734864982635123,1,199,203776,,1.0,2,0.0,52,1378
ct_w6_i1,999,4,1024,ray_plus_residual,14411503720749864364,1,20.0,0.06614028024874408,0.06614028024874408,0.9338608967275477,0.9338608967275477,,517.9564836393904,0,20,20480,0.994840352078155,0.10197899170584897,2,0.0,52,802
ct_w6_i1,999,0,4096,sampled_adam,17715059195786898221,0,,1.000028388699107,1.000028388699107,5.144551359572713e-16,0.9973206170070305,178680717790.87085,0.046913139708097615,1,199,815104,0.08252305752161107,0.9979059912794292,5,0.0,52,104
ct_w6_i1,999,0,4096,sampled_full_fisher,17715059195786898221,0,,1.0000087705945582,1.0000087705945582,2.097718133110787e-17,0.9958016073777108,379657536164.5579,0.014727884640063816,1,199,815104,0.11003846619013835,0.9999999978557735,5,0.0,52,1378
ct_w6_i1,999,0,4096,ray_plus_residual,17715059195786898221,1,19.0,0.04951634234674529,0.04951634234674529,0.9504845251743049,0.9504845251743049,,402.54177331945925,0,19,77824,0.9783997547829487,0.21128566386193762,5,0.0,52,802
ct_w6_i1,999,1,4096,sampled_adam,2617003624728050662,0,,1.0000247335060948,1.0000247335060948,2.729074679208982e-16,0.999144238678501,37380326053.512726,0.03768879047851257,1,199,815104,0.02331699092403187,0.9997380905909539,4,0.0,52,104
ct_w6_i1,999,1,4096,sampled_full_fisher,2617003624728050662,0,,1.0000100259357332,1.0000100259357332,5.3634371061639957e-17,0.9958009947121483,929292102611.3918,0.018673717999405627,1,199,815104,0.07332361147546673,0.9999999920856326,4,0.0,52,1378
ct_w6_i1,999,1,4096,ray_plus_residual,2617003624728050662,1,19.0,0.055437706312043034,0.055437706312043034,0.9445632520903936,0.9445632520903936,,447.5411453626271,0,19,77824,0.9781875204552641,0.21235580112629238,4,0.0,52,802
ct_w6_i1,999,2,4096,sampled_adam,12207395373465316081,0,,1.0000206093656452,1.0000206093656452,1.0133565289067208e-16,0.9986602163588154,109680609775.56314,0.03270142365731669,1,199,815104,,1.0,2,0.0,52,104
ct_w6_i1,999,2,4096,sampled_full_fisher,12207395373465316081,0,,1.0000109459447302,1.0000109459447302,3.035351358610463e-17,0.9957995397395473,220619271699.95084,0.020637576712515707,1,199,815104,,1.0,2,0.0,52,1378
ct_w6_i1,999,2,4096,ray_plus_residual,12207395373465316081,1,19.0,0.08597099240374462,0.08597099240374462,0.9140300640931314,0.9140300640931314,,672.1015370784291,0,19,77824,0.994840352078155,0.10197899170584897,2,0.0,52,802
ct_w6_i1,999,3,4096,sampled_adam,13770310108468439220,0,,1.0000205928171226,1.0000205928171226,2.0845731657929779e-16,0.9987965200456145,164694822531.174,0.03264728396377728,1,199,815104,0.023243939230552086,0.9997402296099254,4,0.0,52,104
ct_w6_i1,999,3,4096,sampled_full_fisher,13770310108468439220,0,,1.0000074897440623,1.0000074897440623,2.3600352506926968e-17,0.995798787582427,431212863137.7062,0.014933641084487354,1,199,815104,0.07332356429100584,0.9999999990049974,4,0.0,52,1378
ct_w6_i1,999,3,4096,ray_plus_residual,13770310108468439220,1,19.0,0.07433955320999353,0.07433955320999353,0.9256612399876438,0.9256612399876438,,589.449022164674,0,19,77824,0.9781549408550366,0.2125196598023966,4,0.0,52,802
ct_w6_i1,999,4,4096,sampled_adam,4241984048825648530,0,,1.000015614799544,1.000015614799544,6.254573260984208e-17,0.9993466625524253,70188734080.46846,0.02797401069042731,1,199,815104,0.023416236557218494,0.9997351959816144,4,0.0,52,104
ct_w6_i1,999,4,4096,sampled_full_fisher,4241984048825648530,0,,1.000004910693571,1.000004910693571,1.7497708366173432e-17,0.9958044497301561,780887809300.2996,0.009037426673390674,1,199,815104,0.07332354898655805,1.0000000012493429,4,0.0,52,1378
ct_w6_i1,999,4,4096,ray_plus_residual,4241984048825648530,1,19.0,0.060681777951753446,0.060681777951753446,0.9393192376696192,0.9393192376696192,,485.76167099082056,0,19,77824,0.9782599807405828,0.2119909677788388,4,0.0,52,802
